Project.ID,Deployment.Location.ID,SiteName,Camera.Deployment.Start.Date,Camera.Deployment.End.Date,Deployment.ID,Year,Months,Folder,Problem,Camera
UWSS,Site01,1,2018-08-03,2018-08-10,18-Aug,2018,August,Aug 25th check,,Bushnell
UWSS,Site01,1,2018-08-25,2018-09-22,18-Sep,2018,September,September Check,,Bushnell
UWSS,Site01,1,2018-09-22,2018-10-28,18-Oct,2018,September;October,October November Check,,Bushnell
UWSS,Site01,1,2018-10-28,2018-12-24,18-Dec,2018,October;November;December,18-Dec,,Bushnell
UWSS,Site01,1,2018-12-24,2019-01-27,19-Jan,2019,December;January,19-Jan,,Bushnell
UWSS,Site01,1,2019-01-27,2019-03-30,19-Mar,2019,January;February;March,MarchandApril2019,,Bushnell
UWSS,Site01,1,2019-03-30,2019-05-10,19-Jun,2019,March;April;May;June,JuneJuly2019,,Bushnell
UWSS,Site01,1,NA,NA,19-Sep,2019,June;July;August;September,SeptoNov2019,Camera angle off,Bushnell
UWSS,Site01,1,NA,NA,19-Dec,2019,September;October;November,19-Dec,Camera angle off,Bushnell
UWSS,Site01,1,NA,NA,20-Jan,2020,December;January,20-Jan,Camera angle off,Bushnell
UWSS,Site01,1,NA,NA,20-Feb,2020,January;February,20-Feb,Camera angle off,Bushnell
UWSS,Site01,1,2020-02-29,2020-04-26,20-Apr,2020,February;March;April,20-Apr,,Bushnell
UWSS,Site01,1,2020-04-26,2020-05-30,20-May,2020,April;May,20-May,,Bushnell
UWSS,Site01,1,2020-05-30,2020-07-08,20-Jun,2020,May;June;July,20-Jun,,Bushnell
UWSS,Site01,1,2020-07-08,2020-08-04,20-Jul,2020,July;August,20-Jul,,Bushnell
UWSS,Site01,1,2020-08-04,2020-10-14,20-Oct,2020,August;September;October,20-Oct,,Bushnell
UWSS,Site01,1,2020-10-14,2020-11-27,20-Nov,2020,October;November,Nov-Dec 2020,,Bushnell
UWSS,Site01,1,NA,NA,NA,NA,NA,NA,Stolen,Bushnell
UWSS,Site01,1,2021-01-21,2021-04-23,21-Mar,2021,January;February;March;April,MarchApril2021,,Bushnell
UWSS,Site01,1,2021-04-23,2021-05-12,21-Jul,2021,April;May,21-Jul,,Bushnell
UWSS,Site01,1,2021-07-31,2021-09-01,21-Sep,2021,July;August;September,21-Sep,,Bushnell
UWSS,Site01,1,2021-09-01,2021-10-18,21-Oct,2021,September;October,21-Oct,,Bushnell
UWSS,Site01,1,2021-10-18,2022-05-28,22-Jun,2022,Oct-May,22-Jun,,Bushnell
UWSS,Site01,1,2022-06-23,2022-08-21,22-Aug,2022,June; July; August,22-Aug,,Bushnell
UWSS,Site01,1,2022-08-21,2022-09-15,22-Sep,2022,August;September,22-Sep,Bad camera,Bushnell
,,,,,,,,,,
UWSS,Site02,2,2018-07-31,2018-08-15,18-Aug,2018,July;August,Aug 25th check,,Bushnell
UWSS,Site02,2,2018-08-26,2018-09-17,18-Sep,2018,August;September,September Check,,Bushnell
UWSS,Site02,2,2018-09-22,2018-10-16,18-Oct,2018,September;October,October November Check,,Bushnell
UWSS,Site02,2,2018-10-28,2018-12-24,18-Dec,2018,October;November;December,18-Dec,,Bushnell
UWSS,Site02,2,2018-12-24,2019-01-27,19-Jan,2019,December;January,19-Jan,,Bushnell
UWSS,Site02,2,2019-01-27,2019-02-25,19-Mar,2019,January;February,MarchandApril2019,,Bushnell
UWSS,Site02,2,2019-03-30,2019-06-14,19-Jun,2019,March;April;June,JuneJuly2019,,Bushnell
UWSS,Site02,2,2019-06-30,2019-08-15,19-Sep,2019,June;July;August,SeptoNov2019,,Bushnell
UWSS,Site02,2,2019-09-15,2019-11-13,19-Dec,2019,September;October;November,19-Dec,,Bushnell
UWSS,Site02,2,2019-12-29,2020-01-25,20-Jan,2020,December;January,20-Jan,,Bushnell
UWSS,Site02,2,2020-01-25,2020-02-29,20-Feb,2020,January;February,20-Feb,,Bushnell
UWSS,Site02,2,2020-02-29,2020-04-12,20-Apr,2020,February;March;April,20-Apr,,Bushnell
UWSS,Site02,2,2020-04-26,2020-05-27,20-May,2020,April;May,20-May,,Bushnell
UWSS,Site02,2,2020-05-30,2020-06-29,20-Jun,2020,May;June,20-Jun,,Bushnell
UWSS,Site02,2,2020-07-08,2020-08-04,20-Jul,2020,July;August,20-Jul,,Bushnell
UWSS,Site02,2,2020-08-04,2020-08-12,20-Oct,2020,August,20-Oct,,Bushnell
UWSS,Site02,2,2020-10-14,2020-10-27,20-Nov,2020,October;November,20-Nov,,Bushnell
UWSS,Site02,2,NA,NA,NA,NA,NA,NA,Stolen,Bushnell
UWSS,Site02a,2a,2021-01-22,2021-02-19,21-Mar,2021,January;February,MarchApril2021,,Bushnell
UWSS,Site02a,2a,2021-04-23,2021-07-31,21-Jul,2021,February;March;April;May;June;July,21-Jul,,Bushnell
UWSS,Site02a,2a,2021-07-31,2021-09-01,21-Sep,2021,July;August;September,21-Sep,,Bushnell
UWSS,Site02a,2a,2021-09-01,2021-10-18,21-Oct,2021,September;October,21-Oct,,Bushnell
UWSS,Site02a,2a,2021-10-18,2022-05-24,22-Jun,2022,Oct-May,22-Jun,,Bushnell
UWSS,Site02a,2a,2022-06-23,2022-08-21,22-Aug,2022,June;July;August,22-Aug,,Bushnell
UWSS,Site02a,2a,2022-08-21,2022-10-02,22-Sep,2022,August;September; October,22-Sep,,Bushnell
,,,,,,,,,,
UWSS,Site03,3,2018-08-03,2018-08-25,18-Aug,2018,August,Aug 25th check,,Bushnell
UWSS,Site03,3,2018-08-25,2018-09-22,18-Sep,2018,September,September Check,,Bushnell
UWSS,Site03,3,NA,NA,18-Nov,2018,NA,October November Check,Date error,Bushnell
UWSS,Site03,3,2018-10-28,2018-12-24,18-Dec,2018,October;November;December,18-Dec,,Bushnell
UWSS,Site03,3,2018-12-24,2018-12-29,19-Jan,2019,December,19-Jan,Date error,Bushnell
UWSS,Site03,3,2018-01-27,2018-03-30,19-Mar,2019,January;March;April,MarchandApril2019,,Bushnell
UWSS,Site03,3,2019-03-30,2019-06-30,19-Jun,2019,March;April;May;June,JuneJuly2019,,Bushnell
UWSS,Site03,3,2019-06-30,2019-09-15,19-Sep,2019,June;July;August;September,SeptoNov2019,,Bushnell
UWSS,Site03,3,2019-09-15,2019-12-29,19-Dec,2019,September;October;November;December,19-Dec,,Bushnell
UWSS,Site03,3,2019-12-29,2020-01-25,20-Jan,2020,December;January,20-Jan,,Bushnell
UWSS,Site03,3,2020-01-25,2020-02-04,20-Feb,2020,January;February,20-Feb,,Bushnell
UWSS,Site03,3,2020-02-29,2020-04-26,20-Apr,2020,February;March;April,20-Apr,,Bushnell
UWSS,Site03,3,2020-04-26,2020-06-01,20-May,2020,April;May;June,20-May,,Bushnell
UWSS,Site03,3,2020-06-01,2020-07-08,20-Jun,2020,June;July,20-Jun,,Bushnell
UWSS,Site03,3,2020-07-08,2020-08-04,20-Jul,2020,July;August,20-Jul,,Bushnell
UWSS,Site03,3,2020-08-04,2020-10-11,20-Oct,2020,August;September;October,20-Oct,,Bushnell
UWSS,Site03,3,2020-10-14,2020-10-27,20-Nov,2020,October;November,20-Nov,,Bushnell
UWSS,Site03,3,NA,NA,NA,NA,NA,NA,Stolen,Bushnell
UWSS,Site03a,3a,2021-03-01,2021-04-23,21-Mar,2021,March;April,MarchApril2021,,Bushnell
UWSS,Site03a,3a,2021-04-23,2021-07-31,21-Jul,2021,April;May;June;July,21-Jul,,Bushnell
UWSS,Site03a,3a,2021-07-31,2021-09-01,21-Sep,2021,July;August;September,21-Sep,,Bushnell
UWSS,Site03a,3a,2021-09-01,2021-10-18,21-Oct,2021,September;October,21-Oct,,Bushnell
UWSS,Site03a,3a,2021-10-18,2022-03-30,22-Jun,2022,Oct-Mar,22-Jun,,Bushnell
UWSS,Site03a,3a,2022-06-23,2022-08-21,22-Aug,2022,June;July;August,22-Aug,,Browning
UWSS,Site03a,3a,2022-08-21,2022-10-02,22-Sep,2022,August;September;October,22-Sep,,Browning
,,,,,,,,,,
UWSS,Site04,4,2018-08-09,2018-08-24,18-Aug,2018,August,Aug 25th check,,Bushnell
UWSS,Site04,4,2018-08-28,2018-10-12,18-Sep,2018,August;September,September Check,,Bushnell
UWSS,Site04,4,2018-10-12,2018-11-27,18-Oct,2018,September;October,October November Check,,Bushnell
UWSS,Site04,4,2018-11-27,2018-12-22,18-Dec,2018,October;November;December,18-Dec,,Bushnell
UWSS,Site04,4,2018-12-24,2019-02-05,19-Jan,2019,December;January,19-Jan,,Bushnell
UWSS,Site04,4,2019-02-05,2019-03-22,19-Mar,2019,February;March,MarchandApril2019,,Bushnell
UWSS,Site04,4,NA,NA,19-Jun,2019,NA,JuneJuly2019,,Bushnell
UWSS,Site04,4,NA,NA,19-Sep,2019,NA,SeptoNov2019,,Bushnell
UWSS,Site04,4,NA,NA,19-Dec,2019,NA,19-Dec,,Bushnell
UWSS,Site04,4,2019-12-30,2020-01-07,20-Jan,2020,December;January,20-Jan,,Bushnell
UWSS,Site04,4,2020-01-25,2020-02-01,20-Feb,2020,January;February,20-Feb,,Bushnell
UWSS,Site04,4,2020-02-29,2020-04-26,20-Apr,2020,February;March;April,20-Apr,,Bushnell
UWSS,Site04,4,2020-04-26,2020-06-12,20-May,2020,April;May,20-May,,Bushnell
UWSS,Site04,4,2020-06-12,2020-07-07,20-Jun,2020,June;July,20-Jun,,Bushnell
UWSS,Site04,4,2020-07-07,2020-08-18,20-Oct,2020,July;August,20-Jul,,Bushnell
UWSS,Site04,4,2020-08-18,2020-10-16,20-Oct,2020,August;September;October,20-Oct,battery failed,Bushnell
UWSS,Site04,4,2020-12-02,2020-12-27,21-Mar,2020,December,MarchApril2021,corrupt media files,Bushnell
UWSS,Site04,4,2021-04-23,2021-05-01,21-Jul,2021,April;May,21-Jul,,Bushnell
UWSS,Site04,4,2021-08-09,2021-08-24,21-Sep,2021,August,21-Sep,battery dead,Bushnell
UWSS,Site04,4,2021-09-03,2021-10-24,21-Oct,2021,September;October,21-Oct,,Bushnell
UWSS,Site04,4,2021-10-24,2021-11-11,22-Jul,2021,October;November,22-Jul,,Bushnell
UWSS,Site04,4,2022-07-31,2022-08-28,22-Aug,2022,July;August,22-Aug,,Browning
UWSS,Site04,4,2022-08-28,2022-11-06,22-Sep,2022,August;September;October; November,22-Sep,,Browning
,,,,,,,,,,
UWSS,Site05,5,2018-08-03,2018-08-25,18-Aug,2018,August,Aug 25th check,,Bushnell
UWSS,Site05,5,2018-08-25,2018-09-22,18-Sep,2018,August;September,September Check,,Bushnell
UWSS,Site05,5,2018-09-22,2018-10-28,18-Oct,2018,September;October,October November Check,,Bushnell
UWSS,Site05,5,2018-10-28,2018-12-20,18-Dec,2018,October;November;December,18-Dec,,Bushnell
UWSS,Site05,5,2018-12-20,2019-01-27,19-Jan,2019,December;January,19-Jan,,Bushnell
UWSS,Site05,5,2019-01-27,2019-03-30,19-Mar,2019,January;February;March,MarchandApril2019,,Bushnell
UWSS,Site05,5,2019-03-30,2019-06-30,19-Jun,2019,March;April;May;June,JuneJuly2019,,Bushnell
UWSS,Site05,5,2019-06-30,2019-09-15,19-Sep,2019,June;July;August;September,SeptoNov2019,,Bushnell
UWSS,Site05,5,2019-09-15,2019-12-29,19-Dec,2019,September;October;November,19-Dec,,Bushnell
UWSS,Site05,5,2019-12-29,2020-01-25,20-Jan,2020,December;January,20-Jan,,Bushnell
UWSS,Site05,5,2020-01-25,2020-02-29,20-Feb,2020,January;February,20-Feb,,Bushnell
UWSS,Site05,5,2020-02-29,2020-04-26,20-Apr,2020,February;March;April,20-Apr,,Bushnell
UWSS,Site05,5,2020-04-26,2020-05-30,20-May,2020,April;May,20-May,,Bushnell
UWSS,Site05,5,2020-05-31,2020-07-08,20-Jun,2020,May;June;July,20-Jun,,Bushnell
UWSS,Site05,5,2020-07-08,2020-10-14,20-Oct,2020,July;August;September;October,20-Oct,,Bushnell
UWSS,Site05,5,2020-10-14,2020-11-27,20-Nov,2020,October;November,20-Nov,,Bushnell
UWSS,Site05,5,2020-11-27,2021-01-19,21-Jan,2020,November;December;January,21-Jan,,Bushnell
UWSS,Site05,5,2021-01-19,2021-04-23,21-Mar,2021,January;February;March;April,MarchApril 2021,,Bushnell
UWSS,Site05,5,2021-04-23,2021-07-31,21-Jul,2021,April;May;June;July,21-Jul,,Bushnell
UWSS,Site05,5,2021-07-31,2021-09-01,21-Sep,2021,July;August;September,21-Sep,,Bushnell
UWSS,Site05,5,2021-09-24,2021-10-18,21-Oct,2021,September;October,21-Oct,Camera malfunction,Bushnell
UWSS,Site05,5,2022-06-23,2022-08-21,22-Aug,2022,June;July;August,22-Aug,,Bushnell
UWSS,Site05,5,2022-08-21,2022-10-02,22-Sep,2022,August;September;October,22-Sep,,Bushnell
,,,,,,,,,,
UWSS,Site06,6,2018-07-31,2018-08-08,18-Aug,2018,July;August,Aug 25th check,,Bushnell
UWSS,Site06,6,2018-08-27,2018-09-04,18-Sep,2018,August;September,September Check,,Bushnell
UWSS,Site06,6,2018-09-22,2018-10-28,18-Oct,2018,September;October,October November Check,,Bushnell
UWSS,Site06,6,2018-10-29,2018-12-19,18-Dec,2018,October;November;December,18-Dec,,Bushnell
UWSS,Site06,6,2018-12-20,2019-01-27,19-Jan,2019,December;January,19-Jan,,Bushnell
UWSS,Site06,6,2019-01-27,2019-03-16,19-Mar,2019,January;February;March,MarchandApril2019,,Bushnell
UWSS,Site06,6,2019-03-30,2019-06-30,19-Jun,2019,March;April;May;June,JuneJuly2019,,Bushnell
UWSS,Site06,6,2019-06-30,2019-09-15,19-Sep,2019,June;July;August;September,SeptoNov2019,,Bushnell
UWSS,Site06,6,2019-09-15,2019-12-29,19-Dec,2019,September;October;November,19-Dec,,Bushnell
UWSS,Site06,6,2019-12-29,2020-01-25,20-Jan,2020,December;January,20-Jan,,Bushnell
UWSS,Site06,6,2020-01-26,2020-02-29,20-Feb,2020,January;February,20-Feb,,Bushnell
UWSS,Site06,6,2020-02-29,2020-04-26,20-Apr,2020,February;March;April,20-Apr,,Bushnell
UWSS,Site06,6,2020-04-26,2020-05-30,20-May,2020,April;May,20-May,,Bushnell
UWSS,Site06,6,2020-05-30,2020-07-08,20-Jun,2020,May;June;July,20-Jun,,Bushnell
UWSS,Site06,6,2020-07-08,2020-10-14,20-Oct,2020,July;August;September;October,20-Oct,,Bushnell
UWSS,Site06,6,2020-10-14,2020-11-27,20-Nov,2020,October;November,20-Nov,,Bushnell
UWSS,Site06,6,2020-11-27,2021-01-19,21-Jan,2021,November;December;January,21-Jan,,Bushnell
UWSS,Site06a,6a,2021-05-10,2021-06-08,21-Jul,2021,May;June,21-Jul,,Bushnell
UWSS,Site06a,6a,2021-07-31,2021-08-11,21-Sep,2021,July;August,21-Sep,full; corrupt media files,Bushnell
UWSS,Site06a,6a,2021-09-01,2021-09-03,21-Oct,2021,September,21-Oct,"Malfunction, date",Bushnell
UWSS,Site06,6,2022-08-21,2022-10-02,22-Sep,2022,August;September;October,22-Sep,,Browning
,,,,,,,,,,
,,,,,,,,,,
UWSS,Site07,7,2018-08-03,2018-08-26,18-Aug,2018,August,Aug 25th check,,Bushnell
UWSS,Site07,7,2018-08-26,2018-10-03,18-Sep,2018,August;September;October,September Check,,Bushnell
UWSS,Site07,7,2018-10-08,2018-10-28,18-Oct,2018,October,October November Check,,Bushnell
UWSS,Site07,7,2018-10-28,2018-12-24,18-Dec,2018,October;November;December,18-Dec,,Bushnell
UWSS,Site07,7,2018-12-24,2019-01-27,19-Jan,2019,December;January,19-Jan,,Bushnell
UWSS,Site07,7,2019-01-27,2019-03-30,19-Mar,2019,January;February;March,MarchandApril2019,,Bushnell
UWSS,Site07,7,2019-03-30,2019-05-19,19-Jun,2019,March;April;May,JuneJuly2019,,Bushnell
UWSS,Site07,7,2019-06-30,2019-09-15,19-Sep,2019,June;July;August;September,SeptoNov2019,,Bushnell
UWSS,Site07,7,2019-09-15,2019-10-26,19-Dec,2019,September;October;November,19-Dec,,Bushnell
UWSS,Site07,7,2019-12-29,2020-01-25,20-Jan,2020,December;January,20-Jan,,Bushnell
UWSS,Site07,7,2020-01-25,2020-02-09,20-Feb,2020,January;February,20-Feb,,Bushnell
UWSS,Site07,7,2020-02-29,2020-04-26,20-Apr,2020,February;March;April,20-Apr,,Bushnell
UWSS,Site07,7,2020-04-26,2020-06-01,20-May,2020,April;May,20-May,,Bushnell
UWSS,Site07,7,2020-06-01,2020-07-08,20-Jun,2020,May;June;July,20-Jun,,Bushnell
UWSS,Site07,7,2020-07-08,2020-08-04,20-Jul,2020,July;August,20-Jul,,Bushnell
UWSS,Site07,7,2020-08-04,2020-09-29,20-Oct,2020,July;August;September;October,20-Oct,,Bushnell
UWSS,Site07,7,2020-10-14,2020-11-27,20-Nov,2020,October;November,20-Nov,,Bushnell
UWSS,Site07,7,2020-11-27,2021-01-21,21-Jan,2021,"November,December,January",21-Jan,,Bushnell
UWSS,Site07,7,2021-01-21,2021-04-23,21-Mar,2021,January;February;March;April,MarchApril2021,,Bushnell
UWSS,Site07,7,2021-04-23,2021-06-04,21-Jul,2021,April;May;June,21-Jul,,Bushnell
UWSS,Site07,7,2021-07-31,2021-08-28,21-Sep,2021,July;August,21-Sep,,Bushnell
UWSS,Site07,7,2021-09-01,2021-09-16,21-Oct,2021,September,21-Oct,"dead, corrupt images",Bushnell
UWSS,Site07a,7a,2022-08-21,2022-10-02,22-Sep,2022,August;September;October,22-Sep,,Browning
,,,,,,,,,,
,,,,,,,,,,
UWSS,Site08,8,2018-08-09,2018-08-28,18-Aug,2018,August,Aug 25th check,,Bushnell
UWSS,Site08,8,2018-08-28,2018-10-12,18-Sep,2018,August;September; October,September Check,,Bushnell
UWSS,Site08,8,2018-10-12,2018-11-25,18-Oct,2018,October,October November Check,,Bushnell
UWSS,Site08,8,2018-11-27,2018-12-23,18-Dec,2018,October;November;December,18-Dec,,Bushnell
UWSS,Site08,8,2018-12-24,2019-01-27,19-Jan,2019,December;January,19-Jan,,Bushnell
UWSS,Site08,8,2019-01-27,2019-03-22,19-Mar,2019,January;February;March,MarchandApril2019,,Bushnell
UWSS,Site08,8,2019-03-22,2019-06-17,19-Jun,2019,March;April;May,JuneJuly2019,,Bushnell
UWSS,Site08,8,NA,NA,19-Sep,2019,NA,SeptoNov2019,,Bushnell
UWSS,Site08,8,NA,NA,19-Dec,2019,NA,19-Dec,,Bushnell
UWSS,Site08,8,2019-12-30,2020-01-19,20-Jan,2020,December;January,20-Jan,,Bushnell
UWSS,Site08,8,2020-01-25,2020-02-29,20-Feb,2020,January;February,20-Feb,,Bushnell
UWSS,Site08,8,2020-02-29,2020-04-26,20-Apr,2020,February;March;April,20-Apr,,Bushnell
UWSS,Site08,8,2020-04-26,2020-06-12,20-May,2020,April;May,20-May,,Bushnell
UWSS,Site08,8,2020-06-12,2020-07-07,20-Jun,2020,May;June;July,20-Jun,,Bushnell
UWSS,Site08,8,2020-07-07,2020-08-18,20-Jul,2020,July;August,20-Jul,,Bushnell
UWSS,Site08,8,2020-08-18,2020-09-21,20-Oct,2020,August;September,20-Oct,Taken down due to construction,Bushnell
UWSS,Site08a,8a,2020-10-16,2020-12-02,20-Nov,2020,October;November;December,20-Nov,,Bushnell
UWSS,Site08a,8a,2020-12-02,2021-04-26,21-Mar,2021,December;January;February;March;April,MarchApril2021,,Bushnell
UWSS,Site08a,8a,2021-04-26,2021-07-27,21-Jul,2021,April;May;June;July,21-Jul,,Bushnell
UWSS,Site08a,8a,2021-08-09,2021-08-19,21-Sep,2021,August,21-Sep,date corruption,Bushnell
UWSS,Site08a,8a,2021-09-03,2021-10-24,21-Oct,2021,September;October,21-Oct,,Bushnell
UWSS,Site08a,8a,2021-10-24,2022-04-13,22-Jul,2022,October;November;December; January; February;March;April,22-Jul,,Bushnell
UWSS,Site08a,8a,2022-07-31,2022-08-28,22-Aug,2022,July;August,22-Aug,,Browning
UWSS,Site08a,8a,2022-08-28,2022-09-23,22-Sep,2022,August;September,22-Sep,,Browning
,,,,,,,,,,
UWSS,Site09,9,2018-07-30,2018-08-26,18-Aug,2018,July;August,Aug 25th check,,Bushnell
UWSS,Site09,9,2018-08-26,2018-09-22,18-Sep,2018,August;September,September Check,,Bushnell
UWSS,Site09,9,2018-09-22,2018-10-28,18-Oct,2018,September;October,October November Check,,Bushnell
UWSS,Site09,9,2018-10-28,2018-12-19,18-Dec,2018,October;November;December,18-Dec,,Bushnell
UWSS,Site09,9,2018-12-20,2019-01-27,19-Jan,2019,December;January,19-Jan,,Bushnell
UWSS,Site09,9,2019-01-27,2019-03-30,19-Mar,2019,January;February;March,MarchandApril2019,,Bushnell
UWSS,Site09,9,2019-03-30,2019-06-30,19-Jun,2019,March;April;May;June,JuneJuly2019,,Bushnell
UWSS,Site09,9,2019-06-30,2019-09-15,19-Sep,2019,June;July;August;September,SeptoNov2019,,Bushnell
UWSS,Site09,9,2019-09-15,2019-12-29,19-Dec,2019,September;October;November;December,19-Dec,,Bushnell
UWSS,Site09,9,2019-12-29,2020-01-25,20-Jan,2020,December;January,20-Jan,,Bushnell
UWSS,Site09,9,2020-01-25,2020-02-09,20-Feb,2020,January;February,20-Feb,,Bushnell
UWSS,Site09,9,2020-02-29,2020-04-26,20-Apr,2020,February;March;April,20-Apr,,Bushnell
UWSS,Site09,9,2020-04-26,2020-05-30,20-May,2020,April;May,20-May,,Bushnell
UWSS,Site09,9,2020-05-30,2020-07-08,20-Jun,2020,May;June;July,20-Jun,,Bushnell
UWSS,Site09,9,2020-07-08,2020-07-24,20-Jul,2020,July,20-Jul,,Bushnell
UWSS,Site09,9,2020-08-04,2020-10-13,20-Oct,2020,August;September;October,20-Oct,,Bushnell
UWSS,Site09,9,2020-10-14,2020-11-27,20-Nov,2020,October;November,20-Nov,,Bushnell
UWSS,Site09,9,2020-11-27,2021-01-19,21-Jan,2021,November;December;January,21-Jan,,Bushnell
UWSS,Site09,9,2021-01-19,2021-04-23,21-Mar,2021,January;February;March,MarchApril2021,,Bushnell
UWSS,Site09,9,2021-04-23,2021-06-12,21-Jul,2021,April;May;June,21-Jul,,Bushnell
UWSS,Site09,9,2021-07-31,2021-09-01,21-Sep,2021,July;August;September,21-Sep,,Bushnell
UWSS,Site09,9,2021-09-01,2021-10-23,21-Oct,2021,September;October,21-Oct,,Bushnell
UWSS,Site09,9,2021-10-23,2022-05-07,22-Jul,2021,October;November;December;January;February;March;April;May,22-Jul,,Bushnell
UWSS,Site09,9,2022-07-17,2022-08-08,22-Aug,2022,July;August,22-Aug,,Bushnell
UWSS,Site09,9,2022-08-21,2022-10-02,22-Sep,2022,August;September;October,22-Sep,,Bushnell
,,,,,,,,,,
UWSS,Site10,10,2018-07-31,2018-08-25,18-Aug,2018,July;August,Aug 25th check,,Bushnell
UWSS,Site10,10,2018-08-25,2018-08-28,18-Sep,2018,August,September Check,wrong date,Bushnell
UWSS,Site10,10,NA,NA,18-Oct,2018,NA,October November Check,wrong date,Bushnell
UWSS,Site10,10,2018-11-18,2018-12-20,18-Dec,2018,November;December,18-Dec,,Bushnell
UWSS,Site10,10,2018-12-20,2019-03-30,19-Mar,2019,December;January;February;March,MarchandApril2019,,Bushnell
UWSS,Site10,10,2019-03-30,2019-06-01,19-Jun,2019,March;April;May;June,JuneJuly2019,,Bushnell
UWSS,Site10,10,2019-06-30,2019-09-11,19-Sep,2019,June;July;August;September,SeptoNov2019,,Bushnell
UWSS,Site10,10,2019-09-15,2019-12-30,19-Dec,2019,September;October;November;December,19-Dec,,Bushnell
UWSS,Site10,10,2019-12-30,2020-01-25,20-Jan,2020,December;January,20-Jan,,Bushnell
UWSS,Site10,10,2020-01-25,2020-03-01,20-Feb,2020,January;February;March,20-Feb,,Bushnell
UWSS,Site10,10,2020-03-01,2020-04-26,20-Apr,2020,March;April,20-Apr,,Bushnell
UWSS,Site10,10,2020-04-26,2020-05-02,20-May,2020,April;May,20-May,,Bushnell
UWSS,Site10,10,2020-05-30,2020-06-11,20-Jun,2020,May;June;July,20-Jun,,Bushnell
UWSS,Site10,10,2020-07-08,2020-08-04,20-Jul,2020,July;August,20-Jul,,Bushnell
UWSS,Site10,10,2020-08-04,2020-10-15,20-Oct,2020,August;September;October,20-Oct,,Bushnell
UWSS,Site10,10,NA,NA,NA,NA,NA,NA,Stolen,Bushnell
UWSS,Site10a,10a,2021-03-27,2021-06-01,21-May,2021,March;April;May;June,21-May,,Bushnell
UWSS,Site10a,10a,2021-06-01,2021-08-01,21-Jul,2021,June;July;August,21-Jul,,Bushnell
UWSS,Site10a,10a,2021-08-01,2021-08-06,21-Aug,2021,August,21-Sep,Full,Bushnell
UWSS,Site10a,10a,2021-09-01,2021-09-05,21-Oct,2021,September,21-Oct,Dead,Bushnell
UWSS,Site10b,10b,2022-08-14,2022-08-20,22-Aug,2022,August,22-Aug,,Browning
UWSS,Site10b,10b,2022-08-20,2022-10-02,22-Sep,2022,August;September;October,22-Sep,,Browning
,,,,,,,,,,
UWSS,Site11,11,2018-08-15,2018-08-25,18-Aug,2018,August,Aug 25th check,,Bushnell
UWSS,Site11,11,2018-08-26,2018-10-08,18-Sep,2018,August;September;October,September Check,,Bushnell
UWSS,Site11,11,2018-10-08,2018-11-18,18-Oct,2018,October;November,October November Check,,Bushnell
UWSS,Site11,11,2018-11-18,2018-12-04,19-Jan,2019,November;December,19-Jan,,Bushnell
UWSS,Site11,11,2019-03-20,2019-03-30,19-Mar,2019,January;February;March,MarchandApril2019,,Bushnell
UWSS,Site11,11,2019-03-30,2019-04-24,19-Jun,2019,March;April,JuneJuly2019,,Bushnell
UWSS,Site11,11,2019-06-30,2019-09-15,19-Sep,2019,June;July;August;September,SeptoNov2019,,Bushnell
UWSS,Site11,11,2019-09-15,2019-12-29,19-Dec,2019,September;October;November;December,19-Dec,,Bushnell
UWSS,Site11,11,2019-12-29,2020-01-25,20-Jan,2020,December;January,20-Jan,,Bushnell
UWSS,Site11,11,2020-01-25,2020-02-29,20-Feb,2020,January;February,20-Feb,,Bushnell
UWSS,Site11,11,2020-03-01,2020-03-23,20-Apr,2020,March,20-Apr,wrong date,Bushnell
UWSS,Site11,11,2020-04-26,2020-05-11,20-May,2020,April;May,20-May,,Bushnell
UWSS,Site11,11,2020-07-08,2020-08-04,20-Jul,2020,July;August,20-Jul,,Bushnell
UWSS,Site11,11,2020-08-04,2020-10-14,20-Oct,2020,August;September;October,20-Oct,,Bushnell
UWSS,Site11,11,2020-10-14,2020-11-27,20-Nov,2020,October;November,20-Nov,,Bushnell
UWSS,Site11,11,2020-11-27,2021-01-19,21-Jan,2021,November;December;January,21-Jan,,Bushnell
UWSS,Site11,11,2021-01-19,2021-02-05,21-Mar,2021,January;February,MarchApril2021,,Bushnell
UWSS,Site11,11,2021-04-23,2021-07-31,21-Jul,2021,February;March;April,21-Jul,,Bushnell
UWSS,Site11,11,2021-07-31,2021-09-13,21-Sep,2021,July;August;September,21-Sep,,Bushnell
UWSS,Site11,11,2021-10-02,2021-10-18,21-Oct,2021,September;October,21-Oct,Something weird happened?,Bushnell
UWSS,Site11,11,2021-10-18,2021-11-29,22-Jul,2021,October;November,22-Jul,,Bushnell
UWSS,Site11,11,2022-07-17,2022-08-21,22-Aug,2022,July;August,22-Aug,,Browning
UWSS,Site11,11,2022-08-21,2022-10-02,22-Sep,2022,August;September;October,22-Sep,,Browning
,,,,,,,,,,
UWSS,Site12,12,2018-07-31,2018-08-25,18-Aug,2018,July;August,Aug 25th check,,Bushnell
UWSS,Site12,12,2018-08-25,2018-09-22,18-Sep,2018,August;September,September Check,,Bushnell
UWSS,Site12,12,2018-09-22,2018-10-28,18-Oct,2018,September;October;November,October November Check,,Bushnell
UWSS,Site12,12,2018-10-28,2018-12-20,18-Dec,2018,October;November;December,18-Dec,,Bushnell
UWSS,Site12,12,2018-12-20,2019-01-27,19-Jan,2019,December;January,19-Jan,,Bushnell
UWSS,Site12,12,2019-03-07,2019-03-21,19-Mar,2019,March,MarchandApril2019,,Bushnell
UWSS,Site12,12,2019-03-30,2019-06-03,19-Jun,2019,March;April;May;June,JuneJuly2019,,Bushnell
UWSS,Site12,12,2019-06-30,2019-07-24,19-Sep,2019,June;July,SeptoNov2019,,Bushnell
UWSS,Site12,12,2019-09-15,2019-12-29,19-Dec,2019,September;October;November;December,19-Dec,,Bushnell
UWSS,Site12,12,2019-12-29,2020-01-25,20-Jan,2020,December;January,20-Jan,,Bushnell
UWSS,Site12,12,2020-01-25,2020-02-29,20-Feb,2020,January;February,20-Feb,,Bushnell
UWSS,Site12,12,2020-02-29,2020-03-23,20-Apr,2020,February;March,20-Apr,,Bushnell
UWSS,Site12,12,2020-04-26,2020-06-01,20-May,2020,April;May;June,20-May,,Bushnell
UWSS,Site12,12,2020-06-01,2020-07-08,20-Jun,2020,June;July,20-Jun,,Bushnell
UWSS,Site12,12,2020-07-08,2020-08-04,20-Jul,2020,July;August,20-Jul,,Bushnell
UWSS,Site12,12,2020-08-04,2020-10-14,20-Oct,2020,August;September;October,20-Oct,,Bushnell
UWSS,Site12,12,2020-10-14,2020-11-27,20-Nov,2020,October;November,20-Nov,,Bushnell
UWSS,Site12,12,NA,NA,NA,NA,NA,NA,Stolen,Bushnell
UWSS,Site12a,12a,2021-01-21,2021-04-23,21-Mar,2021,January;February;March;April,MarchApril2021,,Bushnell
UWSS,Site12a,12a,2021-04-23,2021-06-05,21-Jul,2021,April;May;June,21-Jul,,Bushnell
UWSS,Site12b,12b,2021-07-31,2021-09-01,21-Sep,2021,July;August,21-Sep,,Bushnell
UWSS,Site12b,12b,NA,NA,NA,NA,NA,21-Oct,Corrupt?,Bushnell
UWSS,Site12b,12b,2021-10-18,2021-10-25,22-Jun,2022,October,22-Jun,Corrupt? Changed camera,Bushnell
UWSS,Site12b,12b,2022-06-23,2022-07-17,22-Jul,2022,June;July,22-Jul,,Bushnell
UWSS,Site12b,12b,2022-07-17,2022-08-21,22-Aug,2022,July;August,22-Aug,,Browning
UWSS,Site12b,12b,2022-08-21,2022-10-02,22-Sep,2022,August;September;October,22-Sep,,Browning
,,,,,,,,,,
UWSS,Site13,13,2018-07-30,2018-08-04,18-Aug,2018,July;August,Aug 25th check,,Bushnell
UWSS,Site13,13,2018-08-26,2018-08-30,18-Sep,2018,August,September Check,,Bushnell
UWSS,Site13,13,NA,NA,18-Oct,2018,NA,October November Check,,Bushnell
UWSS,Site13a,13a,2018-11-23,2018-12-20,18-Dec,2018,October;November;December,18-Dec,,Bushnell
UWSS,Site13a,13a,2018-12-20,2019-01-27,19-Jan,2019,December;January,19-Jan,,Bushnell
UWSS,Site13a,13a,2019-03-07,2019-04-21,19-Mar,2019,March;April,MarchandApril2019,,Bushnell
UWSS,Site13a,13a,2019-04-21,2019-06-08,19-Jun,2019,April;May;June,JuneJuly2019,,Bushnell
UWSS,Site13a,13a,NA,NA,19-Sep,2019,NA,SeptoNov2019,Camera taken down,Bushnell
UWSS,Site13a,13a,NA,NA,19-Dec,2019,September;October;November;December,19-Dec,Camera taken down,Bushnell
UWSS,Site13,13,2019-12-29,2020-01-25,20-Jan,2020,December;January,20-Jan,,Bushnell
UWSS,Site13,13,2020-01-25,2020-02-29,20-Feb,2020,January;February,20-Feb,,Bushnell
UWSS,Site13,13,2020-02-29,2020-04-09,20-Apr,2020,February;March;April,20-Apr,,Bushnell
UWSS,Site13,13,2020-04-26,2020-05-23,20-May,2020,April;May,20-May,,Bushnell
UWSS,Site13,13,2020-05-30,2020-07-08,20-Jun,2020,May;June;July,20-Jun,,Bushnell
UWSS,Site13,13,2020-07-08,2020-08-04,20-Jul,2020,July;August,20-Jul,,Bushnell
UWSS,Site13,13,2020-08-04,2020-09-06,20-Oct,2020,August;September,20-Oct,,Bushnell
UWSS,Site13,13,2020-10-18,2020-11-13,20-Nov,2020,October;November,20-Nov,,Bushnell
UWSS,Site13,13,NA,NA,NA,NA,NA,NA,Not deployed,Bushnell
UWSS,Site13,13,NA,NA,NA,NA,NA,21-Oct,Stolen again,Bushnell
UWSS,Site13,13,2022-08-28,2022-10-02,22-Sep,2022,August;September,22-Sep,,Bushnell
,,,,,,,,,,
UWSS,Site14,14,2018-07-16,2018-08-26,18-Aug,2018,July;August,Aug 25th check,,Bushnell
UWSS,Site14,14,2018-08-26,2018-10-08,18-Sep,2018,August;September;October,September Check,,Bushnell
UWSS,Site14,14,2018-10-08,2018-11-18,18-Oct,2018,October;November,October November Check,,Bushnell
UWSS,Site14,14,2018-11-18,2018-12-20,18-Dec,2018,November;December,18-Dec,,Bushnell
UWSS,Site14,14,2018-12-20,2019-01-17,19-Jan,2019,December;January,19-Jan,,Bushnell
UWSS,Site14,14,2019-01-27,2019-03-30,19-Mar,2019,January;February;March,MarchandApril2019,,Bushnell
UWSS,Site14,14,2019-03-30,2019-06-03,19-Jun,2019,March;April;May;June,JuneJuly2019,,Bushnell
UWSS,Site14,14,2019-06-30,2019-08-30,19-Sep,2019,June;July;August;September,SeptoNov2019,,Bushnell
UWSS,Site14,14,2019-09-07,2019-12-28,19-Dec,2019,September;October;November;December,19-Dec,,Bushnell
UWSS,Site14,14,2019-12-29,2020-01-25,20-Jan,2020,December;January,20-Jan,,Bushnell
UWSS,Site14,14,2020-01-25,2020-02-29,20-Feb,2020,January;February,20-Feb,,Bushnell
UWSS,Site14,14,2020-02-29,2020-04-26,20-Apr,2020,February;March;April,20-Apr,,Bushnell
UWSS,Site14,14,2020-04-26,2020-05-30,20-May,2020,April;May,20-May,,Bushnell
UWSS,Site14,14,2020-05-30,2020-07-08,20-Jun,2020,May;June;July,20-Jun,,Bushnell
UWSS,Site14,14,2020-07-08,2020-08-04,20-Jul,2020,July;August,20-Jul,,Bushnell
UWSS,Site14,14,2020-08-04,2020-10-29,20-Oct,2020,August;September;October,20-Oct,,Bushnell
UWSS,Site14,14,NA,NA,20-Nov,2020,NA,20-Nov,"only took 40 pics, wrong site and date? SD card no 6",Bushnell
UWSS,Site14,14,NA,NA,NA,NA,NA,NA,Stolen,Bushnell
UWSS,Site14,14,2021-01-22,2021-04-23,21-Mar,2021,January;February;March;April,MarchApril2021,,Bushnell
UWSS,Site14,14,2021-04-23,2021-07-31,21-Jul,2021,April;May;June;July,21-Jul,,Bushnell
UWSS,Site14,14,2021-07-31,2021-08-24,21-Sep,2021,July;August,21-Sep,,Bushnell
UWSS,Site14,14,NA,NA,NA,NA,NA,21-Oct,Corrupt,Bushnell
UWSS,Site14,14,2021-10-18,2021-11-28,21-Nov,2021,October;November,21-Nov,,Bushnell
UWSS,Site14a,14a,2022-07-17,2022-07-23,22-Aug,2022,July,22-Aug,,Browning
UWSS,Site14a,14a,2022-08-21,2022-10-02,22-Sep,2022,August;September;October,22-Sep,,Browning
,,,,,,,,,,
,,,,,,,,,,
UWSS,Site15,15,2018-07-31,2018-08-25,18-Aug,2018,July;August,Aug 25th check,,Bushnell
UWSS,Site15,15,2018-08-25,2018-10-08,18-Sep,2018,August;September;October,September Check,,Bushnell
UWSS,Site15,15,2018-10-08,2018-11-18,18-Oct,2018,October;November,October November Check,,Bushnell
UWSS,Site15,15,2018-11-18,2018-12-20,18-Dec,2018,November;December,18-Dec,,Bushnell
UWSS,Site15,15,2018-12-20,2019-01-27,19-Jan,2019,December;January,19-Jan,,Bushnell
UWSS,Site15,15,2019-01-27,2019-03-30,19-Mar,2019,January;February;March,MarchandApril2019,,Bushnell
UWSS,Site15,15,NA,NA,19-Jun,2019,NA,JuneJuly2019,,Bushnell
UWSS,Site15,15,2019-06-30,2019-07-14,19-Sep,2019,June;July;August,SeptoNov2019,,Bushnell
UWSS,Site15,15,2019-09-15,2019-12-29,19-Dec,2019,September;October;November;December,19-Dec,,Bushnell
UWSS,Site15,15,2019-12-29,2020-01-25,20-Jan,2020,December;January,20-Jan,,Bushnell
UWSS,Site15,15,2020-01-25,2020-02-29,20-Feb,2020,January;February,20-Feb,,Bushnell
UWSS,Site15,15,2020-02-29,2020-04-07,20-Apr,2020,February;March;April,20-Apr,,Bushnell
UWSS,Site15,15,2020-04-26,2020-05-30,20-May,2020,April;May,20-May,,Bushnell
UWSS,Site15,15,2020-05-30,2020-07-08,20-Jun,2020,May;June;July,20-Jun,,Bushnell
UWSS,Site15,15,2020-07-08,2020-07-26,20-Jul,2020,July;August,20-Jul,,Bushnell
UWSS,Site15,15,2020-08-04,2020-08-17,20-Oct,2020,August,20-Oct,Date error,Bushnell
UWSS,Site15,15,NA,NA,NA,NA,NA,NA,Stolen,Bushnell
UWSS,Site15,15,NA,NA,21-Jul,NA,NA,21-Jul,Corrupt images; pink,Bushnell
UWSS,Site15,15,2021-08-01,2021-08-04,21-Sep,2021,August,21-Sep,Corrupt media files,Bushnell
UWSS,Site15,15,NA,NA,NA,NA,NA,21-Oct,Stolen,Bushnell
UWSS,Site15a,15a,2022-08-28,2022-10-02,22-Sep,2022,August;September;October,22-Sep,,Browning
,,,,,,,,,,
,,,,,,,,,,
UWSS,Site16,16,2018-07-30,2018-08-06,18-Aug,2018,July;August,Aug 25th check,,Bushnell
UWSS,Site16,16,2018-08-25,2018-09-22,18-Sep,2018,August;September,September Check,,Bushnell
UWSS,Site16,16,2018-09-22,2018-10-28,18-Oct,2018,September;October,October November Check,,Bushnell
UWSS,Site16,16,2018-10-28,2018-12-18,18-Dec,2018,October;November;December,18-Dec,,Bushnell
UWSS,Site16,16,2018-12-18,2019-01-25,19-Jan,2019,December;January,19-Jan,,Bushnell
UWSS,Site16,16,2019-01-27,2019-03-30,19-Mar,2019,January;February;March,MarchandApril2019,,Bushnell
UWSS,Site16,16,2019-03-30,2019-06-30,19-Jun,2019,March;April;May;June,JuneJuly2019,,Bushnell
UWSS,Site16,16,2019-06-30,2019-07-03,19-Sep,2019,June;July,SeptoNov2019,,Bushnell
UWSS,Site16,16,2019-10-08,2019-12-29,19-Dec,2019,October;November;December,19-Dec,,Bushnell
UWSS,Site16,16,2019-12-29,2020-01-25,20-Jan,2020,December;January,20-Jan,,Bushnell
UWSS,Site16,16,2020-01-25,2020-02-29,20-Feb,2020,January;February,20-Feb,,Bushnell
UWSS,Site16,16,2020-02-29,2020-04-26,20-Apr,2020,February;March;April,20-Apr,,Bushnell
UWSS,Site16,16,2020-04-26,2020-05-30,20-May,2020,April;May,20-May,,Bushnell
UWSS,Site16,16,2020-05-30,2020-05-31,20-Jun,2020,May,20-Jun,,Bushnell
UWSS,Site16,16,2020-07-09,2020-08-10,20-Jul,2020,July;August,20-Jul,,Bushnell
UWSS,Site16,16,2020-08-10,2020-10-15,20-Oct,2020,August;September;October,20-Oct,,Bushnell
UWSS,Site16,16,2020-10-15,2020-12-05,20-Nov,2020,October;November;December,20-Nov,,Bushnell
UWSS,Site16,16,2020-12-05,2021-01-09,21-Jan,2021,December;January,21-Jan,,Bushnell
UWSS,Site16,16,2021-01-09,2021-04-22,21-Mar,2021,January;February;March;April,MarchApril2021,,Bushnell
UWSS,Site16,16,2021-04-22,2021-07-31,21-Jul,2021,April;May;June;July,21-Jul,,Bushnell
UWSS,Site16,16,2021-08-01,2021-09-02,21-Sep,2021,August;September,21-Sep,,Bushnell
UWSS,Site16,16,2021-09-02,2021-09-10,21-Oct,2021,September,21-Oct,dead,Bushnell
UWSS,Site16,16,2021-10-15,2021-12-25,22-Jul,2021,October;November,22-Jul,,Bushnell
UWSS,Site16,16,2022-07-17,2022-08-20,22-Aug,2022,July;August,22-Aug,,Bushnell
UWSS,Site16,16,2022-08-20,2022-10-02,22-Sep,2022,August;September;October,22-Sep,,Bushnell
,,,,,,,,,,
UWSS,Site17,17,2018-07-31,2018-08-09,18-Aug,2018,July;August,Aug 25th check,,Bushnell
UWSS,Site17,17,2018-08-26,2018-09-12,18-Sep,2018,August;September,September Check,,Bushnell
UWSS,Site17,17,2018-09-22,2018-09-29,18-Oct,2018,September,October November Check,,Bushnell
UWSS,Site17,17,2018-10-28,2018-12-18,18-Dec,2018,October;November;December,18-Dec,,Bushnell
UWSS,Site17,17,2018-12-18,2019-01-30,19-Jan,2019,December;January,19-Jan,,Bushnell
UWSS,Site17,17,2019-01-30,2019-03-30,19-Mar,2019,January;February;March,MarchandApril2019,,Bushnell
UWSS,Site17,17,2019-03-30,2019-06-23,19-Jun,2019,March;April;May;June,JuneJuly2019,,Bushnell
UWSS,Site17,17,2019-06-30,2019-07-30,19-Sep,2019,June;July,SeptoNov2019,,Bushnell
UWSS,Site17,17,NA,NA,19-Dec,2019,NA,19-Dec,Camera malfunction,Bushnell
UWSS,Site17,17,2019-12-29,2020-01-25,20-Jan,2020,December;January,20-Jan,,Bushnell
UWSS,Site17,17,2020-01-25,2020-02-29,20-Feb,2020,January;February,20-Feb,,Bushnell
UWSS,Site17,17,2020-02-29,2020-04-26,20-Apr,2020,February;March;April,20-Apr,,Bushnell
UWSS,Site17,17,2020-04-26,2020-05-30,20-May,2020,April;May,20-May,,Bushnell
UWSS,Site17,17,2020-05-30,2020-07-08,20-Jun,2020,May;June;July,20-Jun,,Bushnell
UWSS,Site17,17,2020-07-08,2020-08-02,20-Jul,2020,July;August,20-Jul,,Bushnell
UWSS,Site17,17,2020-08-10,2020-10-15,20-Oct,2020,August;September;October,20-Oct,,Bushnell
UWSS,Site17,17,2020-10-15,2020-11-20,20-Nov,2020,October;November,20-Nov,,Bushnell
UWSS,Site17,17,NA,NA,21-Jan,2021,NA,21-Jan,Camera malfunction,Bushnell
UWSS,Site17,17,2021-01-22,2021-03-29,21-Mar,2021,January;February;March,MarchApril2021,,Bushnell
UWSS,Site17,17,2021-03-29,2021-06-01,21-May,2021,March;April;May;June,21-May,,Bushnell
UWSS,Site17,17,2021-06-01,2021-07-31,21-Jul,2021,June;July,21-Jul,full,Bushnell
UWSS,Site17,17,2021-08-01,2021-08-09,21-Sep,2021,August,21-Sep,dead,Bushnell
UWSS,Site17,17,2021-09-02,2021-09-11,21-Oct,2021,September,21-Oct,dead; malfunction,Bushnell
UWSS,Site17,17,2021-10-15,2021-11-28,21-Nov,2021,October;November,21-Nov,"pulled camera, test at home",Bushnell
UWSS,Site17,17,2022-06-19,2022-07-17,22-Jul,2022,June;July,22-Jul,,Browning
UWSS,Site17,17,2022-08-14,2022-08-20,22-Aug,2022,August,22-Aug,,Browning
UWSS,Site17,17,2022-08-20,2022-09-03,22-Sep,2022,August;September,22-Sep,camera malfunction,Bushnell
,,,,,,,,,,
UWSS,Site18,18,2018-07-30,2018-08-26,18-Aug,2018,July;August,Aug 25th check,,Bushnell
UWSS,Site18,18,2018-08-26,2018-10-08,18-Sep,2018,August;September;October,September Check,,Bushnell
UWSS,Site18,18,2018-10-08,2018-11-18,18-Oct,2018,October;November,October November Check,,Bushnell
UWSS,Site18,18,2018-11-18,2018-12-18,18-Dec,2018,November;December,18-Dec,,Bushnell
UWSS,Site18,18,2018-12-18,2019-01-30,19-Jan,2019,December;January,19-Jan,,Bushnell
UWSS,Site18,18,2019-01-30,2019-03-30,19-Mar,2019,January;February;March,MarchandApril2019,,Bushnell
UWSS,Site18,18,2019-03-31,2019-06-30,19-Jun,2019,March;April;May;June,JuneJuly2019,,Bushnell
UWSS,Site18,18,2019-06-30,2019-09-15,19-Sep,2019,June;July;August;September,SeptoNov2019,,Bushnell
UWSS,Site18,18,2019-09-15,2019-12-30,19-Dec,2019,September;October;November;December,19-Dec,,Bushnell
UWSS,Site18,18,2019-12-30,2020-01-25,20-Jan,2020,December;January,20-Jan,,Bushnell
UWSS,Site18,18,2020-01-25,2020-03-01,20-Feb,2020,January;February;March,20-Feb,,Bushnell
UWSS,Site18,18,2020-03-01,2020-04-26,20-Apr,2020,February;March;April,20-Apr,,Bushnell
UWSS,Site18,18,2020-04-26,2020-05-30,20-May,2020,April;May,20-May,,Bushnell
UWSS,Site18,18,2020-05-30,2020-07-08,20-Jun,2020,May;June;July,20-Jun,,Bushnell
UWSS,Site18,18,2020-07-08,2020-08-02,20-Jul,2020,July;August,20-Jul,,Bushnell
UWSS,Site18,18,2020-08-04,2020-10-13,20-Oct,2020,August;September;October,20-Oct,,Bushnell
UWSS,Site18,18,2020-10-15,2020-12-14,20-Nov,2020,October;November;December,20-Nov,,Bushnell
UWSS,Site18,18,2020-12-14,2021-01-19,21-Jan,2021,December;January,21-Jan,,Bushnell
UWSS,Site18a,18a,2021-03-29,2021-04-13,21-May,2021,March;April,21-May,Weird folders being created,Bushnell
UWSS,Site18a,18a,2021-06-01,2021-06-02,21-Jul,2021,June,21-Jul,"Malfunction, weird folders",Bushnell
UWSS,Site18a,18a,NA,NA,NA,NA,NA,NA,Malfunction,Bushnell
UWSS,Site18a,18a,2021-08-30,2021-08-31,21-Oct,2021,August,21-Oct,Malfunction,Bushnell
UWSS,Site18a,18a,2022-06-19,2022-07-16,22-Jul,2022,June;July,22-Jul,,Bushnell
UWSS,Site18a,18a,2022-08-20,2022-10-02,22-Sep,2022,August;September;October,22-Sep,,Bushnell
,,,,,,,,,,
UWSS,Site19,19,2018-07-30,2018-08-26,18-Aug,2018,July;August,Aug 25th check,,Bushnell
UWSS,Site19,19,2018-08-26,2018-09-18,18-Sep,2018,August;September,September Check,,Bushnell
UWSS,Site19,19,2018-09-22,2018-10-02,18-Oct,2018,September;October,October November Check,,Bushnell
UWSS,Site19,19,2018-10-28,2018-12-18,18-Dec,2018,November;December,18-Dec,,Bushnell
UWSS,Site19,19,2018-12-18,2019-01-27,19-Jan,2019,December;January,19-Jan,,Bushnell
UWSS,Site19,19,2019-01-27,2019-03-30,19-Mar,2019,January;February;March,MarchandApril2019,,Bushnell
UWSS,Site19,19,2019-03-30,2019-04-08,19-Jun,2019,March;April,JuneJuly2019,,Bushnell
UWSS,Site19,19,2019-06-30,2019-08-13,19-Sep,2019,June;July;August;September,SeptoNov2019,,Bushnell
UWSS,Site19,19,2019-10-08,2019-12-29,19-Dec,2019,September;October;November;December,19-Dec,,Bushnell
UWSS,Site19,19,2019-12-29,2020-01-25,20-Jan,2020,December;January,20-Jan,,Bushnell
UWSS,Site19,19,2020-01-25,2020-02-29,20-Feb,2020,January;February,20-Feb,,Bushnell
UWSS,Site19,19,2020-02-29,2020-04-26,20-Apr,2020,February;March;April,20-Apr,,Bushnell
UWSS,Site19,19,2020-04-26,2020-05-22,20-May,2020,April;May,20-May,,Bushnell
UWSS,Site19,19,2020-05-30,2020-06-29,20-Jun,2020,May;June,20-Jun,,Bushnell
UWSS,Site19,19,2020-07-09,2020-08-09,20-Jul,2020,July;August,20-Jul,,Bushnell
UWSS,Site19,19,2020-08-10,2020-10-15,20-Oct,2020,August;September;October,20-Oct,,Bushnell
UWSS,Site19,19,2020-10-15,2020-12-05,20-Nov,2020,October;November;December,20-Nov,,Bushnell
UWSS,Site19,19,2020-12-05,2021-01-09,21-Jan,2021,December;January,21-Jan,,Bushnell
UWSS,Site19,19,2021-01-09,2021-03-26,21-Mar,2021,January;February;March,MarchApril2021,,Bushnell
UWSS,Site19,19,2021-04-22,2021-05-24,21-Jul,2021,April;May,21-Jul,,Bushnell
UWSS,Site19,19,2021-08-01,2021-09-02,21-Sep,2021,August;September,21-Sep,,Bushnell
UWSS,Site19,19,2021-09-02,2021-10-15,21-Oct,2021,September;October,21-Oct,,Bushnell
UWSS,Site19,19,2021-10-16,2022-05-23,22-Aug,2022,October;November;December;January;February;March;April;May,22-Aug,,Bushnell
UWSS,Site19,19,NA,NA,22-Sep,2022,NA,22-Sep,camera not on,Bushnell
,,,,,,,,,,
,,,,,,,,,,
,,,,,,,,,,
UWSS,Site20,20,2018-07-30,2018-08-08,18-Aug,2018,July;August,Aug 25th check,,Bushnell
UWSS,Site20,20,2018-08-26,2018-09-22,18-Sep,2018,August;September,September Check,,Bushnell
UWSS,Site20,20,2018-09-22,2018-10-28,18-Oct,2018,September;October,October November Check,,Bushnell
UWSS,Site20,20,2018-10-28,2018-12-18,18-Dec,2018,November;December,18-Dec,,Bushnell
UWSS,Site20,20,2018-12-18,2019-01-30,19-Jan,2019,December;January,19-Jan,,Bushnell
UWSS,Site20,20,2019-01-30,2019-03-30,19-Mar,2019,February,MarchandApril2019,,Bushnell
UWSS,Site20,20,2019-03-30,2019-06-30,19-Jun,2019,March;April,JuneJuly2019,,Bushnell
UWSS,Site20,20,2019-06-30,2019-12-29,19-Dec,2019,June;July;August;September;October;November;December,19-Dec,,Bushnell
UWSS,Site20,20,2019-12-29,2020-01-25,20-Jan,2020,December;January,20-Jan,,Bushnell
UWSS,Site20,20,2020-01-25,2020-02-29,20-Feb,2020,January;February,20-Feb,,Bushnell
UWSS,Site20,20,2020-02-29,2020-04-26,20-Apr,2020,February;March;April,20-Apr,,Bushnell
UWSS,Site20,20,2020-04-26,2020-05-30,20-May,2020,April;May,20-May,,Bushnell
UWSS,Site20,20,2020-05-30,2020-07-09,20-Jun,2020,May;June;July,20-Jun,,Bushnell
UWSS,Site20,20,2020-07-09,2020-08-10,20-Jul,2020,July,20-Jul,,Bushnell
UWSS,Site20,20,2020-08-10,2020-10-15,20-Oct,2020,August;September;October,20-Oct,,Bushnell
UWSS,Site20,20,2020-10-15,2020-12-05,20-Nov,2020,October;November;December,20-Nov,,Bushnell
UWSS,Site20,20,2020-12-05,2021-01-27,21-Jan,2021,December;January,21-Jan,,Bushnell
UWSS,Site20a,20a,2021-05-06,2021-05-16,21-Jul,2021,May,21-Jul,,Bushnell
UWSS,Site20a,20a,2021-08-01,2021-08-14,21-Sep,2021,August,21-Sep,,Bushnell
UWSS,Site20a,20a,2021-09-02,2021-09-06,21-Oct,2021,September,21-Oct,,Bushnell
UWSS,Site20a,20a,2021-10-15,2021-10-26,21-Nov,2021,October,21-Nov,,Bushnell
UWSS,Site20a,20a,2022-06-19,2022-07-17,22-Jul,2022,June;July,22-Jul,,Browning
UWSS,Site20a,20a,2022-07-17,2022-08-20,22-Aug,2022,July;August,22-Aug,,Browning
UWSS,Site20a,20a,2022-08-20,2022-10-02,22-Sep,2022,August;September;October,22-Sep,,Browning
,,,,,,,,,,
UWSS,Site21,21,NA,NA,18-Aug,2018,NA,Aug 25th check,,Bushnell
UWSS,Site21,21,NA,NA,18-Sep,2018,NA,September Check,,Bushnell
UWSS,Site21,21,2018-08-26,2018-08-28,18-Oct,2018,September;October,October November Check,,Bushnell
UWSS,Site21,21,2018-11-18,2018-11-28,18-Dec,2018,November,18-Dec,,Bushnell
UWSS,Site21,21,2018-12-18,2019-01-30,19-Jan,2019,December;January,19-Jan,,Bushnell
UWSS,Site21,21,2019-01-30,2019-03-30,19-Mar,2019,January;February;March,MarchandApril2019,,Bushnell
UWSS,Site21,21,2019-03-30,2019-06-18,19-Jun,2019,March;April,JuneJuly2019,,Bushnell
UWSS,Site21,21,2019-06-30,2019-09-15,19-Sep,2019,June;July;August;September,SeptoNov2019,,Bushnell
UWSS,Site21,21,2019-09-15,2019-12-30,19-Dec,2019,September;November;December,19-Dec,,Bushnell
UWSS,Site21,21,2019-12-30,2020-01-25,20-Jan,2020,December;January,20-Jan,,Bushnell
UWSS,Site21,21,2020-01-25,2020-03-01,20-Feb,2020,January;February;March,20-Feb,,Bushnell
UWSS,Site21,21,2020-03-01,2020-04-26,20-Apr,2020,March;April,20-Apr,,Bushnell
UWSS,Site21,21,2020-04-26,2020-05-30,20-May,2020,April;May,20-May,,Bushnell
UWSS,Site21,21,2020-05-30,2020-07-09,20-Jun,2020,May;June;July,20-Jun,,Bushnell
UWSS,Site21,21,2020-07-09,2020-08-10,20-Jul,2020,July,20-Jul,,Bushnell
UWSS,Site21,21,2020-08-10,2020-09-12,20-Oct,2020,August;September;October,20-Oct,,Bushnell
UWSS,Site21,21,2020-10-15,2020-12-14,20-Nov,2020,October;November;December,20-Nov,,Bushnell
UWSS,Site21a,21a,2021-03-27,2021-06-01,21-May,2021,March;April;May;June,21-May,,Bushnell
UWSS,Site21a,21a,2021-06-01,2021-08-01,21-Jul,2021,June;July;August,21-Jul,,Bushnell
UWSS,Site21a,21a,2021-08-01,2021-09-02,21-Sep,2021,August;September,21-Sep,,Bushnell
UWSS,Site21a,21a,2021-09-02,2021-10-15,21-Oct,2021,September;October,21-Oct,,Bushnell
UWSS,Site21a,21a,2021-10-15,2022-03-27,22-Jul,2022,October;November;December; January;February;March,22-Jul,,Bushnell
UWSS,Site21a,21a,2022-07-17,2022-08-20,22-Aug,2022,July;August,22-Aug,,Bushnell
UWSS,Site21a,21a,2022-08-20,2022-10-01,22-Sep,2022,August;September;October,22-Sep,,Bushnell
,,,,,,,,,,
UWSS,Site22,22,2018-07-20,2018-08-26,18-Aug,2018,July;August,Aug 25th check,,Bushnell
UWSS,Site22,22,2018-08-26,2018-09-01,18-Sep,2018,August;September,September Check,,Bushnell
UWSS,Site22,22,2018-10-08,2018-11-05,18-Oct,2018,October;November,October November Check,,Bushnell
UWSS,Site22,22,2018-11-18,2018-12-18,18-Dec,2018,November;December,18-Dec,,Bushnell
UWSS,Site22,22,2018-12-18,2019-01-13,19-Jan,2019,December;January,19-Jan,,Bushnell
UWSS,Site22,22,2019-02-05,2019-02-14,19-Mar,2019,January;February;March,MarchandApril2019,,Bushnell
UWSS,Site22,22,2019-04-21,2019-05-02,19-Jun,2019,March;April,JuneJuly2019,,Bushnell
UWSS,Site22,22,NA,NA,19-Sep,2019,June;July;August;September,SeptoNov2019,,Bushnell
UWSS,Site22,22,2019-09-15,2019-12-08,19-Dec,2019,September;October;November;December,19-Dec,,Bushnell
UWSS,Site22,22,2019-12-30,2020-01-25,20-Jan,2020,December;January,20-Jan,,Bushnell
UWSS,Site22,22,2020-01-25,2020-02-17,20-Feb,2020,January;February,20-Feb,,Bushnell
UWSS,Site22,22,2020-03-01,2020-04-27,20-Apr,2020,February;March;April,20-Apr,,Bushnell
UWSS,Site22,22,2020-04-27,2020-05-30,20-May,2020,April;May,20-May,,Bushnell
UWSS,Site22,22,NA,NA,20-Jun,2020,May;June,20-Jun,,Bushnell
UWSS,Site22,22,2020-07-09,2020-08-10,20-Jul,2020,July;August,20-Jul,,Bushnell
UWSS,Site22,22,2020-08-10,2020-09-17,20-Oct,2020,August;September;October,20-Oct,,Bushnell
UWSS,Site22,22,NA,NA,NA,NA,NA,NA,Stolen,Bushnell
UWSS,Site22a,22a,2021-01-25,2021-04-22,21-Mar,2021,January;February;March;April,MarchApril2021,,Bushnell
UWSS,Site22a,22a,2021-04-22,2021-06-04,21-Jul,2021,April;May;June,21-Jul,,Bushnell
UWSS,Site22a,22a,2021-08-01,2021-08-24,21-Sep,2021,August,21-Sep,,Bushnell
UWSS,Site22a,22a,2021-09-03,2021-10-15,21-Oct,2021,September;October,21-Oct,,Bushnell
UWSS,Site22a,22a,2021-10-15,2022-05-17,22-Jun,2022,Oct-May,22-Jun,,Bushnell
UWSS,Site22a,22a,2022-06-19,2022-08-20,22-Aug,2022,June;July;August,22-Aug,,Bushnell
UWSS,Site22a,22a,2022-08-20,2022-10-02,22-Sep,2022,August;September;October,22-Sep,,Bushnell
,,,,,,,,,,
UWSS,Site23,23,NA,NA,18-Aug,2018,NA,Aug 25th check,,Bushnell
UWSS,Site23,23,NA,NA,18-Sep,2018,NA,September Check,,Bushnell
UWSS,Site23,23,NA,NA,18-Oct,2018,NA,October November Check,,Bushnell
UWSS,Site23a,23a,2018-11-23,2018-12-18,18-Dec,2018,November;December,18-Dec,,Bushnell
UWSS,Site23a,23a,2018-12-18,2019-01-27,19-Jan,2019,December;January,19-Jan,,Bushnell
UWSS,Site23a,23a,2019-01-27,2019-04-21,19-Mar,2019,January;February;March,MarchandApril2019,,Bushnell
UWSS,Site23a,23a,2019-04-22,2019-11-06,19-Dec,2019,September;October;November;December,19-Dec,,Bushnell
UWSS,Site23a,23a,2019-12-29,2020-01-25,20-Jan,2020,December;January,20-Jan,,Bushnell
UWSS,Site23a,23a,2020-01-25,2020-02-29,20-Feb,2020,January;February,20-Feb,,Bushnell
UWSS,Site23a,23a,2020-02-29,2020-04-26,20-Apr,2020,February;March;April,20-Apr,,Bushnell
UWSS,Site23a,23a,2020-04-26,2020-05-30,20-May,2020,April;May,20-May,,Bushnell
UWSS,Site23a,23a,2020-05-30,2020-07-09,20-Jun,2020,May;June,20-Jun,,Bushnell
UWSS,Site23a,23a,2020-07-09,2020-08-10,20-Jul,2020,July;August,20-Jul,,Bushnell
UWSS,Site23a,23a,2020-08-10,2020-10-14,20-Oct,2020,August;September;October,20-Oct,,Bushnell
UWSS,Site23a,23a,2020-10-15,2020-12-05,20-Nov,2020,October;November;December,20-Nov,,Bushnell
UWSS,Site23a,23a,2020-12-05,2021-01-22,21-Jan,2021,December;January,21-Jan,,Bushnell
UWSS,Site23b,23b,2021-02-03,2021-03-29,21-Mar,2021,February;March,MarchApril2021,,Bushnell
UWSS,Site23b,23b,2021-03-29,2021-07-30,21-Jul,2021,March;April;May;June;July,21-Jul,,Bushnell
UWSS,Site23b,23b,2021-08-01,2021-08-30,21-Sep,2021,August,21-Sep,,Bushnell
UWSS,Site23b,23b,NA,NA,NA,NA,NA,21-Oct,Malfunction,Bushnell
UWSS,Site23b,23b,2021-10-15,2021-10-16,21-Nov,2021,October,21-Nov,"Date malfunction, took cam down",Bushnell
UWSS,Site23b,23b,2022-07-17,2022-08-20,22-Aug,2022,July;August,22-Aug,,Browning
UWSS,Site23b,23b,2022-08-20,2022-10-02,22-Sep,2022,August;September;October,22-Sep,,Browning
,,,,,,,,,,
,,,,,,,,,,
UWSS,Site24,24,2018-07-30,2018-08-28,18-Aug,2018,July;August,Aug 25th check,,Bushnell
UWSS,Site24,24,2018-08-28,2018-09-22,18-Sep,2018,August;September,September Check,,Bushnell
UWSS,Site24,24,2018-09-22,2018-10-28,18-Oct,2018,September;October,October November Check,,Bushnell
UWSS,Site24,24,2018-10-28,2018-12-18,18-Dec,2018,October;November;December,18-Dec,,Bushnell
UWSS,Site24,24,2018-12-18,2019-01-30,19-Jan,2019,December;January,19-Jan,,Bushnell
UWSS,Site24,24,2019-01-30,2019-03-30,19-Mar,2019,January;February;March,MarchandApril2019,,Bushnell
UWSS,Site24,24,2019-03-30,2019-06-30,19-Jun,2019,March;April;May;June,JuneJuly2019,,Bushnell
UWSS,Site24,24,2019-06-30,2019-08-29,19-Sep,2019,June;July;August,SeptoNov2019,,Bushnell
UWSS,Site24,24,2019-10-08,2019-12-29,19-Dec,2019,September;October;November;December,19-Dec,,Bushnell
UWSS,Site24,24,2019-12-29,2020-01-25,20-Jan,2020,December;January,20-Jan,,Bushnell
UWSS,Site24,24,2020-01-25,2020-02-29,20-Feb,2020,January;February,20-Feb,,Bushnell
UWSS,Site24,24,2020-02-29,2020-04-26,20-Apr,2020,February;March;April,20-Apr,,Bushnell
UWSS,Site24,24,2020-04-26,2020-05-30,20-May,2020,April;May,20-May,,Bushnell
UWSS,Site24,24,2020-05-30,2020-07-09,20-Jun,2020,May;June,20-Jun,,Bushnell
UWSS,Site24,24,2020-07-09,2020-08-10,20-Jul,2020,July;August,20-Jul,,Bushnell
UWSS,Site24,24,2020-08-10,2020-10-15,20-Oct,2020,August;September;October,20-Oct,,Bushnell
UWSS,Site24,24,2020-10-15,2020-12-05,20-Nov,2020,October;November;December,20-Nov,,Bushnell
UWSS,Site24,24,2020-12-05,2021-01-22,21-Jan,2021,December;January,21-Jan,,Bushnell
UWSS,Site24a,24a,2021-02-03,2021-03-29,21-Mar,2021,February;March,MarchApril2021,,Bushnell
UWSS,Site24a,24a,2021-03-29,2021-06-01,21-May,2021,March;April;May;June,21-May,,Bushnell
UWSS,Site24a,24a,2021-06-01,2021-06-05,21-Jul,2021,June,21-Jul,Malfunction,Bushnell
UWSS,Site24a,24a,2021-08-01,2021-08-05,21-Sep,2021,August,21-Sep,Malfunction,Bushnell
UWSS,Site24a,24a,2021-09-02,2021-09-04,21-Oct,2021,September,21-Sep,Error,Bushnell
UWSS,Site24a,24a,2021-10-16,2021-10-30,21-Nov,2021,October,21-Nov,,Bushnell
UWSS,Site24a,24a,2022-06-19,2022-08-20,22-Aug,2022,June;July;August,22-Aug,,Browning
UWSS,Site24a,24a,2022-08-20,2022-09-05,22-Sep,2022,August;September,22-Sep,Error?,Browning
,,,,,,,,,,
UWSS,Site25,25,2018-08-03,2018-08-26,18-Aug,2018,August,Aug 25th check,,Bushnell
UWSS,Site25,25,2018-08-26,2018-10-08,18-Sep,2018,August;September;October,September Check,,Bushnell
UWSS,Site25,25,2018-10-08,2018-11-18,18-Oct,2018,October;November,October November Check,,Bushnell
UWSS,Site25,25,2018-11-18,2018-12-18,18-Dec,2018,November;December,18-Dec,,Bushnell
UWSS,Site25,25,2018-12-18,2019-01-30,19-Jan,2019,December;January,19-Jan,,Bushnell
UWSS,Site25,25,2019-01-30,2019-04-21,19-Mar,2019,January;February;March;April,MarchandApril2019,,Bushnell
UWSS,Site25,25,2019-04-21,2019-07-07,19-Jun,2019,March;April;May;June;July,JuneJuly2019,,Bushnell
UWSS,Site25,25,2019-07-07,2019-09-15,19-Sep,2019,July;August;September,SeptoNov2019,,Bushnell
UWSS,Site25,25,2019-09-15,2019-12-30,19-Dec,2019,September;October;November;December,19-Dec,,Bushnell
UWSS,Site25,25,2019-12-30,2020-01-26,20-Jan,2020,December;January,20-Jan,,Bushnell
UWSS,Site25,25,2020-01-26,2020-03-01,20-Feb,2020,January;February;March,20-Feb,,Bushnell
UWSS,Site25,25,2020-03-01,2020-04-26,20-Apr,2020,March;April,20-Apr,,Bushnell
UWSS,Site25,25,2020-04-26,2020-05-16,20-May,2020,April;May,20-May,,Bushnell
UWSS,Site25,25,2020-05-30,2020-07-09,20-Jun,2020,May;June,20-Jun,,Bushnell
UWSS,Site25,25,2020-07-09,2020-08-10,20-Jul,2020,July;August,20-Jul,,Bushnell
UWSS,Site25,25,2020-08-10,2020-10-06,20-Oct,2020,August;September;October,20-Oct,,Bushnell
UWSS,Site25,25,NA,NA,20-Nov,2020,NA,20-Nov,SD card empty? SD card malfunction - read as having 26 images but empty.,Bushnell
UWSS,Site25,25,NA,NA,NA,NA,NA,NA,Stolen,Bushnell
UWSS,Site25a,25a,2021-04-22,2021-05-13,21-May,2021,April;May,21-May,"Weird folders, tree movement",Bushnell
UWSS,Site25a,25a,2021-06-01,2021-06-03,21-Jul,2021,June,21-Jul,Malfunction,Bushnell
UWSS,Site25a,25a,NA,NA,NA,NA,NA,21-Sep,Turned off,Bushnell
UWSS,Site25a,25a,2021-09-02,2021-09-15,21-Oct,2021,September,21-Oct,Weird folders,Bushnell
UWSS,Site25a,25a,2022-07-17,2022-08-03,22-Aug,2022,July;August,22-Jul,,Browning
UWSS,Site25,25,2022-08-20,2022-10-02,22-Sep,2022,August;September;October,22-Sep,,Bushnell
,,,,,,,,,,
UWSS,Site26,26,2018-07-31,2018-08-03,18-Aug,2018,August,Aug 25th check,,Bushnell
UWSS,Site26,26,2018-08-25,2018-10-28,18-Sep,2018,August;September;October,September Check,,Bushnell
UWSS,Site26,26,NA,NA,18-Oct,2018,NA,October November Check,,Bushnell
UWSS,Site26a,26a,2018-12-12,2018-12-18,18-Dec,2018,December,18-Dec,,Bushnell
UWSS,Site26a,26a,2018-12-18,2019-01-30,19-Jan,2019,December;January,19-Jan,,Bushnell
UWSS,Site26a,26a,2019-01-30,2019-04-21,19-Mar,2019,January;February;March;April,MarchandApril2019,,Bushnell
UWSS,Site26a,26a,2019-04-21,2019-07-07,19-Jun,2019,March;April;May;June;July,JuneJuly2019,,Bushnell
UWSS,Site26b,26b,2019-07-07,2019-07-14,19-Sep,2019,July;August;September,SeptoNov2019,,Bushnell
UWSS,Site26b,26b,2019-09-15,2019-12-30,19-Dec,2019,September;October;November;December,19-Dec,,Bushnell
UWSS,Site26b,26b,2019-12-30,2020-01-25,20-Jan,2020,December;January,20-Jan,,Bushnell
UWSS,Site26b,26b,2020-01-26,2020-03-01,20-Feb,2020,January;February;March,20-Feb,,Bushnell
UWSS,Site26b,26b,2020-03-01,2020-04-26,20-Apr,2020,March;April,20-Apr,,Bushnell
UWSS,Site26b,26b,2020-04-26,2020-05-03,20-May,2020,April;May,20-May,,Bushnell
UWSS,Site26b,26b,2020-05-30,2020-06-21,20-Jun,2020,May;June,20-Jun,,Bushnell
UWSS,Site26b,26b,2020-07-09,2020-07-31,20-Jul,2020,July;August,20-Jul,,Bushnell
UWSS,Site26b,26b,NA,NA,20-Oct,2020,NA,20-Oct,Stolen,Bushnell
UWSS,Site26c,26c,2020-11-06,2020-12-04,20-Nov,2020,November;December,20-Nov,,Bushnell
UWSS,Site26c,26c,2020-12-04,2021-01-18,21-Jan,2021,December;January,21-Jan,,Bushnell
UWSS,Site26c,26c,NA,NA,NA,NA,NA,NA,Stolen,Bushnell
UWSS,Site26d,26d,2021-08-30,2021-10-05,21-Oct,2021,August;September;October,21-Oct,,Bushnell
UWSS,Site26d,26d,NA,NA,22-Sep,2022,NA,22-Sep,Stolen,Bushnell
,,,,,,,,,,
,,,,,,,,,,
,,,,,,,,,,
UWSS,Site27,27,NA,NA,18-Aug,2018,NA,Aug 25th check,,Bushnell
UWSS,Site27,27,2018-08-25,2018-09-22,18-Sep,2018,August;September,September Check,,Bushnell
UWSS,Site27,27,2018-09-22,2018-10-28,18-Oct,2018,September;October,October November Check,,Bushnell
UWSS,Site27,27,NA,NA,18-Dec,2018,NA,18-Dec,,Bushnell
UWSS,Site27,27,2018-12-18,2018-12-20,19-Jan,2019,December;January,19-Jan,wrong date,Bushnell
UWSS,Site27,27,2019-01-27,2019-03-30,19-Mar,2019,January;February;March,MarchandApril2019,,Bushnell
UWSS,Site27,27,2019-03-30,2019-06-28,19-Jun,2019,March;April;May;June,JuneJuly2019,,Bushnell
UWSS,Site27,27,2019-06-28,2019-10-08,19-Sep,2019,July;August;September,SeptoNov2019,,Bushnell
UWSS,Site27,27,2019-10-08,2019-12-29,19-Dec,2019,October;November;December,19-Dec,,Bushnell
UWSS,Site27,27,2019-12-29,2020-01-02,20-Jan,2020,December;January,20-Jan,,Bushnell
UWSS,Site27,27,2020-01-25,2020-02-29,20-Feb,2020,January;February;March,20-Feb,,Bushnell
UWSS,Site27,27,2020-02-29,2020-04-26,20-Apr,2020,March;April,20-Apr,,Bushnell
UWSS,Site27,27,2020-04-26,2020-05-30,20-May,2020,April;May,20-May,,Bushnell
UWSS,Site27,27,2020-05-30,2020-07-09,20-Jun,2020,May;June,20-Jun,,Bushnell
UWSS,Site27,27,2020-07-09,2020-08-10,20-Jul,2020,July;August,20-Jul,,Bushnell
UWSS,Site27,27,2020-08-10,2020-10-15,20-Oct,2020,August;September;October,20-Oct,,Bushnell
UWSS,Site27,27,2020-10-15,2020-12-05,20-Nov,2020,October;November;December,20-Oct,,Bushnell
UWSS,Site27,27,NA,NA,NA,NA,NA,NA,Stolen,Bushnell
UWSS,Site27a,27a,2021-04-26,2021-05-31,21-May,2021,April;May,21-May,,Bushnell
UWSS,Site27a,27a,2021-05-31,2021-08-01,21-Jul,2021,May;June;July;August,21-Jul,,Bushnell
UWSS,Site27a,27a,2021-08-01,2021-09-02,21-Sep,2021,August;September,21-Sep,,Bushnell
UWSS,Site27a,27a,2021-09-02,2021-10-23,21-Oct,2021,September;October,21-Oct,,Bushnell
UWSS,Site27a,27a,2021-10-23,2022-06-19,22-Jun,2022,Oct-Jun,22-Jun,,Bushnell
UWSS,Site27a,27a,2022-06-19,2022-08-20,22-Aug,2022,June;July;August,22-Aug,,Bushnell
UWSS,Site27a,27a,2022-08-20,2022-10-02,22-Sep,2022,August;September;October,22-Sep,,Bushnell
,,,,,,,,,,
,,,,,,,,,,
UWSS,Site28,28,2018-07-30,2018-08-17,18-Aug,2018,July;August,Aug 25th check,,Bushnell
UWSS,Site28,28,2018-08-28,2018-10-08,18-Sep,2018,August;September;October,September Check,,Bushnell
UWSS,Site28,28,2018-10-08,2018-11-18,18-Oct,2018,October;November,October November Check,,Bushnell
UWSS,Site28,28,2018-11-18,2018-12-18,18-Dec,2018,November;December,18-Dec,,Bushnell
UWSS,Site28,28,2018-12-18,2019-01-30,19-Jan,2019,December;January,19-Jan,,Bushnell
UWSS,Site28,28,2019-01-30,2019-04-21,19-Mar,2019,January;February;March,MarchandApril2019,,Bushnell
UWSS,Site28,28,2019-04-21,2019-08-02,19-Sep,2019,April;May;June;July;August,SeptoNov2019,,Bushnell
UWSS,Site28,28,2019-09-15,2019-12-30,19-Dec,2019,September;October;November;December,19-Dec,,Bushnell
UWSS,Site28,28,2019-12-30,2020-01-26,20-Jan,2020,December;January,20-Jan,,Bushnell
UWSS,Site28,28,2020-01-26,2020-03-01,20-Feb,2020,January;February,20-Feb,,Bushnell
UWSS,Site28,28,2020-03-01,2020-04-26,20-Apr,2020,February;March;April,20-Apr,,Bushnell
UWSS,Site28,28,2020-04-26,2020-06-27,20-Jun,2020,April;May;June,20-Jun,,Bushnell
UWSS,Site28,28,2020-07-09,2020-08-10,20-Jul,2020,July;August,20-Jul,,Bushnell
UWSS,Site28,28,2020-08-10,2020-11-28,20-Nov,2020,August;September;October;November,20-Nov,Battery,Bushnell
UWSS,Site28,28,2020-12-05,2021-01-25,21-Jan,2021,December;January,21-Jan,,Bushnell
UWSS,Site28,28,2021-01-27,2021-04-22,21-Mar,2021,January;February;March;April,MarchApril2021,,Bushnell
UWSS,Site28,28,2021-04-22,2021-07-22,21-Jul,2021,April;May;June;July;August,21-Jul,,Bushnell
UWSS,Site28,28,2021-08-04,2021-08-28,21-Sep,2021,August,21-Sep,,Bushnell
UWSS,Site28,28,2021-09-02,2021-10-15,21-Oct,2021,September;October,21-Oct,,Bushnell
UWSS,Site28,28,2021-10-15,2022-12-31,22-Jun,2022,October - Dec,22-Jun,,Bushnell
UWSS,Site28,28,2022-06-19,2022-07-17,22-Jul,2022,June;July,22-Jul,,Bushnell
UWSS,Site28,28,2022-07-17,2022-08-20,22-Aug,2022,July;August,22-Aug,,Bushnell
UWSS,Site28,28,2022-08-28,2022-09-03,22-Sep,2022,August;September,22-Sep,,Bushnell
,,,,,,,,,,
,,,,,,,,,,
UWSS,Site29,29,2018-07-31,2018-08-25,18-Aug,2018,July;August,Aug 25th check,,Bushnell
UWSS,Site29,29,2018-08-25,2018-10-08,18-Sep,2018,August;September,September Check,,Bushnell
UWSS,Site29,29,2018-10-08,2018-11-18,18-Oct,2018,October;Novmeber,October November Check,,Bushnell
UWSS,Site29,29,2018-11-18,2018-12-18,18-Dec,2018,November;December,18-Dec,,Bushnell
UWSS,Site29,29,2018-12-18,2019-01-14,19-Jan,2019,December;January,19-Jan,,Bushnell
UWSS,Site29,29,2019-01-30,2019-04-21,19-Mar,2019,January;February;March;April,MarchandApril2019,,Bushnell
UWSS,Site29,29,2019-04-21,2019-07-07,19-Jun,2019,April;May;June,JuneJuly2019,,Bushnell
UWSS,Site29,29,2019-07-07,2019-09-15,19-Sep,2019,July;August;September,SeptoNov2019,,Bushnell
UWSS,Site29,29,2019-09-15,2019-12-30,19-Dec,2019,September;October;November;December,19-Dec,,Bushnell
UWSS,Site29,29,2019-12-30,2020-01-26,20-Jan,2020,December;January,20-Jan,,Bushnell
UWSS,Site29,29,2020-01-26,2020-02-05,20-Feb,2020,January;February,20-Feb,,Bushnell
UWSS,Site29,29,2020-03-01,2020-04-28,20-Apr,2020,March;April,20-Apr,,Bushnell
UWSS,Site29,29,2020-04-28,2020-06-01,20-May,2020,April;May;June,20-May,,Bushnell
UWSS,Site29,29,2020-06-01,2020-06-04,20-Jun,2020,June,20-Jun,,Bushnell
UWSS,Site29,29,2020-07-09,2020-08-13,20-Jul,2020,July;August,20-Jul,,Bushnell
UWSS,Site29,29,2020-08-13,2020-10-15,20-Oct,2020,August;September;October,20-Oct,,Bushnell
UWSS,Site29,29,2020-10-15,2020-12-05,20-Nov,2020,October;November;December,20-Oct,,Bushnell
UWSS,Site29,29,2020-12-05,2021-01-20,21-Jan,2021,December;January,21-Jan,,Bushnell
UWSS,Site29,29,2021-01-20,2021-05-31,21-May,2021,January;February;March;April;May,21-May,,Bushnell
UWSS,Site29,29,2021-05-31,2021-07-20,21-Jul,2021,May;June;July,21-Jul,,Bushnell
UWSS,Site29,29,2021-08-04,2021-09-04,21-Sep,2021,August;September,21-Sep,,Bushnell
UWSS,Site29,29,2021-09-04,2021-10-23,21-Oct,2021,September;October,21-Oct,,Bushnell
UWSS,Site29,29,2021-10-23,2022-01-15,22-Jun,2022,Oct-Jan,22-Jun,,Bushnell
UWSS,Site29,29,2022-06-19,2022-07-17,22-Jul,2022,June;July,22-Jul,,Bushnell
UWSS,Site29,29,2022-07-17,2022-08-14,22-Aug,2022,July;August,22-Aug,,Browning
UWSS,Site29,29,2022-08-20,2022-10-02,22-Sep,2022,August;September;October,22-Sep,,Browning
,,,,,,,,,,
UWSS,Site30,30,2018-07-31,2018-08-25,18-Aug,2018,July;August,Aug 25th check,,Bushnell
UWSS,Site30,30,2018-08-25,2018-10-08,18-Sep,2018,August;September,September Check,,Bushnell
UWSS,Site30,30,2018-10-08,2018-11-18,18-Oct,2018,September;October,October November Check,,Bushnell
UWSS,Site30,30,2018-11-18,2018-12-18,18-Dec,2018,November;December,18-Dec,,Bushnell
UWSS,Site30,30,2018-12-18,2019-01-30,19-Jan,2019,December;January,19-Jan,,Bushnell
UWSS,Site30,30,2019-01-30,2019-04-21,19-Mar,2019,January;February;March;April,MarchandApril2019,,Bushnell
UWSS,Site30,30,2019-04-21,2019-05-05,19-Jun,2019,March;April,JuneJuly2019,,Bushnell
UWSS,Site30,30,2019-09-15,2019-12-30,19-Dec,2019,September;October;November;December,19-Dec,,Bushnell
UWSS,Site30,30,2019-12-30,2020-01-26,20-Jan,2020,December;January,20-Jan,,Bushnell
UWSS,Site30,30,2020-01-26,2020-03-01,20-Feb,2020,January;February;March,20-Feb,,Bushnell
UWSS,Site30,30,2020-03-01,2020-04-28,20-Apr,2020,March;April,20-Apr,,Bushnell
UWSS,Site30,30,2020-04-28,2020-06-01,20-May,2020,April;May;June,20-May,,Bushnell
UWSS,Site30,30,2020-06-01,2020-07-09,20-Jun,2020,May;June,20-Jun,,Bushnell
UWSS,Site30,30,2020-07-09,2020-10-15,20-Oct,2020,August;September;October,20-Oct,,Bushnell
UWSS,Site30,30,NA,NA,NA,NA,NA,NA,Stolen,Bushnell
UWSS,Site30a,30a,2021-04-22,2021-05-31,21-May,2021,April;May,21-May,,Bushnell
UWSS,Site30a,30a,2021-05-31,2021-07-08,21-Jul,2021,May;June;July,21-Jul,Covered,Bushnell
UWSS,Site30,30,2021-08-12,2021-09-02,21-Sep,2021,August;September,21-Sep,,Bushnell
UWSS,Site30,30,2021-09-04,2021-09-09,21-Oct,2021,September,21-Oct,Dead,Bushnell
UWSS,Site30,30,2021-10-09,2021-10-23,21-Nov,2021,October,21-Nov,"Corrupt media files, pulled cam",Bushnell
UWSS,Site30,30,2022-08-20,2022-10-02,22-Sep,2022,August;September;October,22-Sep,,Bushnell
,,,,,,,,,,
UWSS,Site31,31,2018-07-31,2018-08-25,18-Aug,2018,July;August,Aug 25th check,,Bushnell
UWSS,Site31,31,2018-08-25,2018-09-22,18-Sep,2018,August;September,September Check,,Bushnell
UWSS,Site31,31,2018-09-22,2018-10-18,18-Oct,2018,September;October,October November Check,,Bushnell
UWSS,Site31,31,2018-10-28,2018-12-18,18-Dec,2018,October;November;December,18-Dec,,Bushnell
UWSS,Site31,31,2018-12-18,2019-01-10,19-Jan,2019,December;January,19-Jan,,Bushnell
UWSS,Site31,31,2019-01-30,2019-02-21,19-Mar,2019,January;February;March,MarchandApril2019,,Bushnell
UWSS,Site31,31,2019-03-31,2019-06-28,19-Jun,2019,March;April;May;June,JuneJuly2019,,Bushnell
UWSS,Site31,31,2019-06-28,2019-10-22,19-Dec,2019,June;July;August;September;October,19-Dec,,Bushnell
UWSS,Site31,31,2019-12-29,2020-01-25,20-Jan,2020,December;January,20-Jan,,Bushnell
UWSS,Site31,31,2020-01-25,2020-02-29,20-Feb,2020,January;February;March,20-Feb,,Bushnell
UWSS,Site31,31,2020-02-29,2020-04-23,20-Apr,2020,March;April,20-Apr,,Bushnell
UWSS,Site31,31,2020-04-28,2020-05-30,20-May,2020,April;May;June,20-May,,Bushnell
UWSS,Site31,31,2020-05-30,2020-08-13,20-Jul,2020,May;June;July;August,20-Jul,,Bushnell
UWSS,Site31,31,2020-08-13,2020-09-29,20-Oct,2020,August;September;October,20-Oct,,Bushnell
UWSS,Site31,31,2020-10-22,2020-12-05,20-Nov,2020,October;November;December,20-Nov,,Bushnell
UWSS,Site31,31,2020-12-05,2021-01-09,21-Jan,2021,December;January,21-Jan,,Bushnell
UWSS,Site31a,31a,2021-02-03,2021-03-29,21-Mar,2021,January;February;March,MarchApril2021,,Bushnell
UWSS,Site31a,31a,2021-03-29,2021-05-31,21-May,2021,March;April;May,21-May,,Bushnell
UWSS,Site31a,31a,2021-05-31,2021-08-03,21-Jul,2021,May;June;July;August,21-Jul,,Bushnell
UWSS,Site31a,31a,2021-08-03,2021-09-04,21-Sep,2021,August;September,21-Sep,,Bushnell
UWSS,Site31a,31a,2021-09-04,2021-10-23,21-Oct,2021,September;October,21-Oct,,Bushnell
UWSS,Site31a,31a,2021-10-23,2022-04-26,22-Jun,2022,Oct-Apr,22-Jun,,Bushnell
UWSS,Site31a,31a,2022-06-19,2022-07-17,22-Jul,2022,June;July,22-Jul,,Bushnell
UWSS,Site31a,31a,2022-07-17,2022-08-20,22-Aug,2022,July;August,22-Aug,,Bushnell
UWSS,Site31a,31a,2022-08-20,2022-10-02,22-Sep,2022,August;September;October,22-Sep,,Bushnell
,,,,,,,,,,
UWSS,Site32,32,2018-08-09,2018-08-28,18-Aug,2018,July;August,Aug 25th check,,Bushnell
UWSS,Site32,32,2018-08-28,2018-10-10,18-Sep,2018,August;September,September Check,,Bushnell
UWSS,Site32,32,NA,NA,18-Oct,2018,NA,October November Check,Corrupt,Bushnell
UWSS,Site32,32,2018-10-10,2018-12-24,18-Dec,2018,October;November;December,18-Dec,,Bushnell
UWSS,Site32,32,2019-02-05,2019-04-05,19-Jan,2019,December;January;March;April,19-Jan,,Bushnell
UWSS,Site32,32,2019-04-05,2019-11-19,19-Dec,2019,April;May;June;July;August;September;October;November,19-Dec,,Bushnell
UWSS,Site32,32,2019-12-30,2020-01-25,20-Jan,2020,December;January,20-Jan,,Bushnell
UWSS,Site32,32,2020-01-25,2020-02-29,20-Feb,2020,January;February,20-Feb,,Bushnell
UWSS,Site32,32,2020-02-29,2020-04-28,20-Apr,2020,February;March;April,20-Apr,,Bushnell
UWSS,Site32,32,2020-04-28,2020-05-30,20-May,2020,April;May,20-May,,Bushnell
UWSS,Site32,32,2020-05-30,2020-08-13,20-Jul,2020,July;August,20-Jul,,Bushnell
UWSS,Site32,32,2020-08-13,2020-12-05,20-Nov,2020,August;September;October;November;December,20-Nov,,Bushnell
UWSS,Site32,32,2020-12-05,2021-01-09,21-Jan,2021,December;January,21-Jan,,Bushnell
UWSS,Site32,32,2021-01-09,2021-04-22,21-Mar,2021,January;February;March;April,MarchApril2021,,Bushnell
UWSS,Site32,32,2021-04-22,2021-08-12,21-Jul,2021,April;May;June;July;August,21-Jul,,Bushnell
UWSS,Site32,32,2021-08-12,2021-09-04,21-Sep,2021,August;September,21-Sep,,Bushnell
UWSS,Site32,32,2021-09-04,2021-10-23,21-Oct,2021,September;October,21-Oct,,Bushnell
UWSS,Site32,32,2022-08-01,2022-10-02,22-Sep,2022,August;September;October,22-Sep,,Browning
,,,,,,,,,,
UWSS,Site33,33,2018-07-31,2018-08-25,18-Aug,2018,July;August,Aug 25th check,,Bushnell
UWSS,Site33,33,2018-08-25,2018-10-08,18-Sep,2018,August;September,September Check,,Bushnell
UWSS,Site33,33,2018-10-08,2018-11-18,18-Oct,2018,September;October,October November Check,,Bushnell
UWSS,Site33,33,2018-11-18,2018-12-18,18-Dec,2018,November;December,18-Dec,,Bushnell
UWSS,Site33,33,2018-12-18,2019-01-30,19-Jan,2019,December;January,19-Jan,,Bushnell
UWSS,Site33,33,2019-01-30,2019-04-21,19-Mar,2019,January;February;March;April,MarchandApril2019,,Bushnell
UWSS,Site33,33,2019-04-22,2019-07-07,19-Jun,2019,March;April,JuneJuly2019,,Bushnell
UWSS,Site33,33,2019-07-07,2019-09-15,19-Sep,2019,July;August;September,SeptoNov2019,,Bushnell
UWSS,Site33,33,2019-09-15,2019-12-30,19-Dec,2019,September;October;November;December,19-Dec,,Bushnell
UWSS,Site33,33,2019-12-30,2020-01-26,20-Jan,2020,December;January,20-Jan,,Bushnell
UWSS,Site33,33,2020-01-26,2020-03-01,20-Feb,2020,January;February;March,20-Feb,,Bushnell
UWSS,Site33,33,2020-03-01,2020-04-28,20-Apr,2020,March;April,20-Apr,,Bushnell
UWSS,Site33,33,2020-04-28,2020-06-01,20-May,2020,April;May;June,20-May,,Bushnell
UWSS,Site33,33,2020-06-01,2020-07-09,20-Jun,2020,May;June,20-Jun,,Bushnell
UWSS,Site33,33,2020-07-09,2020-08-13,20-Jul,2020,July;August,20-Jul,,Bushnell
UWSS,Site33,33,2020-08-13,2020-10-15,20-Oct,2020,August;September;October,20-Oct,,Bushnell
UWSS,Site33,33,2020-10-15,2020-12-05,20-Nov,2020,October;November;December,20-Oct,,Bushnell
UWSS,Site33,33,NA,NA,NA,NA,NA,NA,Stolen,Bushnell
UWSS,Site33a,33a,2021-01-22,2021-04-20,21-Mar,2021,January;February;March;April,MarchApril2021,,Bushnell
UWSS,Site33a,33a,2021-04-22,2021-05-31,21-May,2021,April;May,21-May,,Bushnell
UWSS,Site33a,33a,2021-05-31,2021-06-28,21-Jul,2021,May;June,21-Jul,,Bushnell
UWSS,Site33a,33a,2021-08-03,2021-09-04,21-Sep,2021,August;September,21-Sep,,Bushnell
UWSS,Site33a,33a,2021-09-04,2021-10-23,21-Oct,2021,September;October,21-Oct,,Bushnell
UWSS,Site33a,33a,2022-08-14,2022-10-02,22-Sep,2022,August;September;October,22-Sep,,Bushnell
,,,,,,,,,,
,,,,,,,,,,
UWSS,Site34,34,2018-07-31,2018-08-25,18-Aug,2018,July;August,Aug 25th check,,Bushnell
UWSS,Site34,34,2018-08-25,2018-10-08,18-Sep,2018,August;September,September Check,,Bushnell
UWSS,Site34,34,2018-10-08,2018-11-18,18-Oct,2018,October;November,October November Check,,Bushnell
UWSS,Site34,34,2018-11-18,2018-12-18,18-Dec,2018,November;December,18-Dec,,Bushnell
UWSS,Site34,34,2018-12-18,2019-01-30,19-Jan,2019,December;January,19-Jan,,Bushnell
UWSS,Site34,34,2019-01-30,2019-03-19,19-Mar,2019,January;February;March;April,MarchandApril2019,wrong date,Bushnell
UWSS,Site34,34,NA,NA,19-Jun,2019,NA,JuneJuly2019,skipped,Bushnell
UWSS,Site34,34,2019-04-21,2019-06-01,19-Sep,2019,April;May;June,SeptoNov2019,wrong date,Bushnell
UWSS,Site34,34,2019-09-15,2019-12-30,19-Dec,2019,September;October;November;December,19-Dec,,Bushnell
UWSS,Site34,34,2019-12-30,2020-01-26,20-Jan,2020,December;January,20-Jan,,Bushnell
UWSS,Site34,34,2020-01-26,2020-02-06,20-Feb,2020,January;February;March,20-Feb,wrong date,Bushnell
UWSS,Site34,34,2020-03-01,2020-04-28,20-Apr,2020,March;April,20-Apr,,Bushnell
UWSS,Site34,34,2020-04-28,2020-06-01,20-May,2020,April;May;June,20-May,,Bushnell
UWSS,Site34,34,2020-06-01,2020-07-09,20-Jun,2020,May;June,20-Jun,,Bushnell
UWSS,Site34,34,2020-07-09,2020-08-13,20-Jul,2020,July;August,20-Jul,,Bushnell
UWSS,Site34,34,2020-08-13,2020-10-02,20-Oct,2020,August;September;October,20-Oct,,Bushnell
UWSS,Site34,34,2020-10-15,2020-12-05,20-Nov,2020,October;November;November,20-Nov,,Bushnell
UWSS,Site34,34,2020-12-05,2020-12-13,21-Jan,2021,December;January,21-Jan,,Bushnell
UWSS,Site34,34,2021-01-25,2021-03-29,21-Mar,2021,January;February;March,MarchApril2021,,Bushnell
UWSS,Site34,34,2021-03-29,2021-05-31,21-May,2021,March;April;May,21-May,,Bushnell
UWSS,Site34,34,2021-05-31,2021-08-04,21-Jul,2021,May;June;July;August,21-Jul,,Bushnell
UWSS,Site34,34,2021-08-04,2021-09-04,21-Sep,2021,August;September,21-Sep,,Bushnell
UWSS,Site34,34,2021-09-04,2021-09-24,21-Oct,2021,September,21-Oct,,Bushnell
UWSS,Site34,34,2021-09-24,2022-06-19,22-Jun,2022,Sep-Jun,22-Jun,,Bushnell
UWSS,Site34,34,2022-06-19,2022-07-17,22-Jul,2022,June;July,22-Jul,,Bushnell
UWSS,Site34,34,2022-07-17,2022-08-14,22-Aug,2022,July;August,22-Aug,,Bushnell
UWSS,Site34,34,2022-08-14,2022-10-02,22-Sep,2022,August;September;October,22-Sep,,Bushnell
,,,,,,,,,,
,,,,,,,,,,
UWSS,Site35,35,NA,NA,18-Aug,2018,NA,Aug 25th check,,Bushnell
UWSS,Site35,35,2018-08-28,2018-09-22,18-Sep,2018,August;September,September Check,,Bushnell
UWSS,Site35,35,2018-09-22,2018-10-28,18-Oct,2018,September;October,October November Check,,Bushnell
UWSS,Site35,35,2018-10-28,2018-12-18,18-Dec,2018,November;December,18-Dec,,Bushnell
UWSS,Site35,35,2018-12-31,2019-01-30,19-Jan,2019,December;January,19-Jan,,Bushnell
UWSS,Site35,35,2019-01-30,2019-03-30,19-Mar,2019,January;February;March,MarchandApril2019,,Bushnell
UWSS,Site35,35,2019-03-30,2019-06-28,19-Jun,2019,March;April,JuneJuly2019,,Bushnell
UWSS,Site35,35,2019-06-28,2019-11-09,19-Sep,2019,June;July;August;September;October;November,SeptoNov2019,,Bushnell
UWSS,Site35,35,2019-11-09,2019-12-29,19-Dec,2019,September;October;November;December,19-Dec,,Bushnell
UWSS,Site35,35,2019-12-29,2020-01-25,20-Jan,2020,December;January,20-Jan,,Bushnell
UWSS,Site35,35,2020-01-25,2020-02-29,20-Feb,2020,January;February;March,20-Feb,,Bushnell
UWSS,Site35,35,2020-03-01,2020-04-29,20-Apr,2020,March;April,20-Apr,,Bushnell
UWSS,Site35,35,NA,NA,20-May,2020,NA,20-May,skipped,Bushnell
UWSS,Site35,35,NA,NA,20-Jun,2020,NA,20-Jun,skipped,Bushnell
UWSS,Site35,35,2020-05-30,2020-08-13,20-Jul,2020,May;June;July;August,20-Jul,,Bushnell
UWSS,Site35,35,2020-08-13,2020-10-22,20-Oct,2020,August;September;October,20-Oct,,Bushnell
UWSS,Site35,35,2020-10-22,2020-12-05,20-Nov,2020,October;November;November,20-Nov,,Bushnell
UWSS,Site35,35,2020-12-05,2021-01-22,21-Jan,2021,December;January,21-Jan,,Bushnell
UWSS,Site35a,35a,2021-03-02,2021-03-29,21-Mar,2021,January;February;March,MarchApril2021,,Bushnell
UWSS,Site35a,35a,2021-03-29,2021-05-31,21-May,2021,March;April;May,21-May,,Bushnell
UWSS,Site35a,35a,2021-05-31,2021-08-03,21-Jul,2021,May;June;July;August,21-Jul,,Bushnell
UWSS,Site35a,35a,2021-08-03,2021-09-04,21-Sep,2021,August;September,21-Sep,,Bushnell
UWSS,Site35a,35a,2021-09-04,2021-10-23,21-Oct,2021,September;October,21-Oct,,Bushnell
UWSS,Site35a,35a,2021-10-23,2022-04-22,22-Jun,2022,Oct-April,22-Jun,,Bushnell
UWSS,Site35a,35a,2022-06-19,2022-07-17,22-Jul,2022,June;July,22-Jul,,Bushnell
UWSS,Site35a,35a,2022-07-17,2022-08-20,22-Aug,2022,July;August,22-Aug,,Bushnell
UWSS,Site35a,35a,2022-08-20,2022-10-02,22-Sep,2022,August;September;October,22-Sep,,Bushnell
,,,,,,,,,,
UWSS,Site36,36,2018-07-31,2018-08-25,18-Aug,2018,July;August,Aug 25th check,,Bushnell
UWSS,Site36,36,2018-08-25,2018-09-22,18-Sep,2018,August;September,September Check,,Bushnell
UWSS,Site36,36,2018-09-22,2018-10-28,18-Oct,2018,September;October,October November Check,,Bushnell
UWSS,Site36,36,2018-10-28,2018-12-18,18-Dec,2018,November;December,18-Dec,,Bushnell
UWSS,Site36,36,2018-12-18,2019-01-30,19-Jan,2019,December;January,19-Jan,,Bushnell
UWSS,Site36,36,2019-01-30,2019-03-30,19-Mar,2019,January;February;March;April,MarchandApril2019,,Bushnell
UWSS,Site36,36,2019-03-30,2019-04-30,19-Jun,2019,March;April,JuneJuly2019,,Bushnell
UWSS,Site36,36,2019-06-28,2019-07-25,19-Sep,2019,June;July,SeptoNov2019,,Bushnell
UWSS,Site36,36,2019-11-09,2019-12-29,19-Dec,2019,September;October;November;December,19-Dec,,Bushnell
UWSS,Site36,36,2019-12-29,2020-01-24,20-Jan,2020,December;January,20-Jan,,Bushnell
UWSS,Site36,36,2020-01-26,2020-02-29,20-Feb,2020,January;February;March,20-Feb,,Bushnell
UWSS,Site36,36,2020-02-29,2020-04-02,20-Apr,2020,March;April,20-Apr,,Bushnell
UWSS,Site36,36,2020-04-28,2020-06-04,20-Jul,2020,April;May;June,20-Jul,,Bushnell
UWSS,Site36,36,2020-08-13,2020-09-05,20-Oct,2020,August;September;October,20-Oct,,Bushnell
UWSS,Site36,36,2020-10-22,2020-12-05,20-Nov,2020,October;November;December,20-Nov,,Bushnell
UWSS,Site36,36,2020-12-05,2021-02-03,21-Jan,2021,December;January,21-Jan,,Bushnell
UWSS,Site36a,36a,2021-02-05,2021-03-29,21-Mar,2021,February;March,MarchApril2021,,Bushnell
UWSS,Site36a,36a,2021-03-29,2021-04-22,21-Jul,2021,March;April,21-Jul,,Bushnell
UWSS,Site36a,36a,2021-08-03,2021-09-04,21-Sep,2021,August;September,21-Sep,,Bushnell
UWSS,Site36a,36a,2021-09-04,2021-10-23,21-Oct,2021,September;October,21-Oct,,Bushnell
UWSS,Site36a,36a,2021-10-23,2022-05-29,22-Jun,2022,Oct-May,22-Jun,,Bushnell
UWSS,Site36a,36a,2022-06-19,2022-07-17,22-Jul,2022,June;July,22-Jul,,Bushnell
UWSS,Site36a,36a,2022-07-17,2022-08-20,22-Aug,2022,July;August,22-Aug,,Browning
UWSS,Site36a,36a,2022-08-20,2022-10-02,22-Sep,2022,August;September;October,22-Sep,,Browning
,,,,,,,,,,
UWSS,Site38,38,2018-08-03,2018-08-04,2018,2018,August,Aug 25th check,wrong date,Bushnell
UWSS,Site38,38,NA,NA,18-Sep,2018,NA,September Check,wrong date,Bushnell
UWSS,Site38,38,NA,NA,18-Oct,2018,NA,October November Check,wrong date,Bushnell
UWSS,Site38,38,NA,NA,18-Dec,2018,NA,18-Dec,wrong date,Bushnell
UWSS,Site38,38,2018-12-18,2019-01-30,19-Jan,2019,December;January,19-Jan,,Bushnell
UWSS,Site38,38,2019-01-30,2019-04-21,19-Mar,2019,January;February;March;April,MarchandApril2019,,Bushnell
UWSS,Site38,38,NA,NA,19-Jun,2019,March;April,JuneJuly2019,,Bushnell
UWSS,Site38,38,NA,NA,19-Sep,2019,NA,SeptoNov2019,,Bushnell
UWSS,Site38,38,NA,NA,19-Dec,2019,September;October;November;December,19-Dec,,Bushnell
UWSS,Site38,38,2019-12-30,2020-01-26,20-Jan,2020,December;January,20-Jan,,Bushnell
UWSS,Site38,38,2020-01-26,2020-03-01,20-Feb,2020,January;February;March,20-Feb,,Bushnell
UWSS,Site38,38,2020-03-01,2020-04-28,20-Apr,2020,March;April,20-Apr,,Bushnell
UWSS,Site38,38,2020-04-28,2020-06-01,20-May,2020,April;May;June,20-May,,Bushnell
UWSS,Site38,38,2020-06-01,2020-07-09,20-Jun,2020,May;June,20-Jun,,Bushnell
UWSS,Site38,38,2020-07-09,2020-08-13,20-Jul,2020,July;August,20-Jul,,Bushnell
UWSS,Site38,38,2020-08-13,2020-10-15,20-Oct,2020,August;September;October,20-Oct,,Bushnell
UWSS,Site38,38,2020-10-15,2020-12-05,20-Nov,2020,October;November;December,20-Nov,,Bushnell
UWSS,Site38,38,2020-12-05,2021-01-20,21-Jan,2021,December;January,21-Jan,,Bushnell
UWSS,Site38,38,2021-01-25,2021-03-06,21-Mar,2021,January;February;March,MarchApril2021,,Bushnell
UWSS,Site38,38,2021-03-29,2021-05-31,21-May,2021,March;April;May,21-May,,Bushnell
UWSS,Site38,38,2021-05-31,2021-08-12,21-Jul,2021,May;June;July;August,21-Jul,,Bushnell
UWSS,Site38a,38a,2021-08-19,2021-09-04,21-Sep,2021,August;September,21-Sep,,Bushnell
UWSS,Site38a,38a,2021-09-04,2021-10-23,21-Oct,2021,September;October,21-Oct,,Bushnell
UWSS,Site38b,38b,NA,NA,22-Sep,2022,NA,22-Sep,cam error,Bushnell
,,,,,,,,,,
,,,,,,,,,,
UWSS,Site39,39,2018-07-31,2018-08-25,18-Aug,2018,July;August,Aug 25th check,,Bushnell
UWSS,Site39,39,2018-08-25,2018-09-22,18-Sep,2018,August;September,September Check,,Bushnell
UWSS,Site39,39,2018-09-22,2018-10-28,18-Oct,2018,September;October,October November Check,,Bushnell
UWSS,Site39,39,2018-10-28,2018-12-18,18-Dec,2018,October;November;December,18-Dec,,Bushnell
UWSS,Site39,39,2018-12-18,2019-01-30,19-Jan,2019,December;January,19-Jan,,Bushnell
UWSS,Site39,39,2019-01-30,2019-03-30,19-Mar,2019,January;February;March,MarchandApril2019,,Bushnell
UWSS,Site39,39,2019-03-30,2019-06-28,19-Jun,2019,March;April;May;June,JuneJuly2019,,Bushnell
UWSS,Site39,39,2019-06-28,2019-10-08,19-Sep,2019,June;July;August,SeptoNov2019,,Bushnell
UWSS,Site39,39,2019-10-08,2019-12-29,19-Dec,2019,September;October;November;December,19-Dec,,Bushnell
UWSS,Site39,39,2019-12-29,2020-01-25,20-Jan,2020,December;January,20-Jan,,Bushnell
UWSS,Site39,39,2020-01-25,2020-02-29,20-Feb,2020,January;February,20-Feb,,Bushnell
UWSS,Site39,39,2020-02-29,2020-04-28,20-Apr,2020,February;March;April,20-Apr,,Bushnell
UWSS,Site39,39,2020-04-28,2020-05-30,20-May,2020,April;May,20-May,,Bushnell
UWSS,Site39,39,2020-05-30,2020-06-07,20-Jul,2020,May;June,20-Jul,,Bushnell
UWSS,Site39,39,2020-08-13,2020-10-15,20-Oct,2020,August;September;October,20-Oct,,Bushnell
UWSS,Site39,39,NA,NA,20-Nov,2020,NA,20-Nov,"Card reads as empty, SD malfunction maybe, wrote 39 on front of card with star",Bushnell
UWSS,Site39,39,2020-12-05,2021-01-09,21-Jan,2021,December;January,21-Jan,,Bushnell
UWSS,Site39,39,NA,NA,NA,NA,NA,NA,Stolen,Bushnell
UWSS,Site39a,39a,2021-08-04,2021-08-05,21-Aug,2021,August,21-Sep,Malfunction,Bushnell
UWSS,Site39a,39a,2021-09-04,2021-09-07,21-Sep,2021,September,21-Sep,,Bushnell
UWSS,Site39,39,2022-05-23,2022-08-20,22-Aug,2022,May;June;July;August,22-Aug,,Bushnell
UWSS,Site39,39,2022-08-20,2022-10-02,22-Sep,2022,August;September;October,22-Sep,,Bushnell
,,,,,,,,,,
,,,,,,,,,,
UWSS,Site40,40,2018-08-03,2018-08-28,18-Aug,2018,August,Aug 25th check,,Bushnell
UWSS,Site40,40,2018-08-28,2018-10-10,18-Sep,2018,August;September;October,September Check,,Bushnell
UWSS,Site40,40,2018-10-10,2018-11-18,18-Dec,2018,October; November,18-Dec,,Bushnell
UWSS,Site40,40,2018-12-24,2019-01-30,19-Jan,2019,December;January,19-Jan,,Bushnell
UWSS,Site40,40,2019-01-30,2019-04-05,19-Mar,2019,January;February;March;April,MarchandApril2019,,Bushnell
UWSS,Site40,40,NA,NA,19-Jun,2019,NA,JuneJuly2019,Stolen,Bushnell
UWSS,Site40,40,NA,NA,19-Sep,2019,NA,SeptoNov2019,Stolen,Bushnell
UWSS,Site40,40,NA,NA,19-Dec,2019,NA,19-Dec,Stolen,Bushnell
UWSS,Site40,40,NA,NA,20-Jan,2020,NA,20-Jan,Stolen,Bushnell
UWSS,Site40,40,NA,NA,20-Feb,2020,NA,20-Feb,Stolen,Bushnell
UWSS,Site40,40,NA,NA,20-Apr,2020,NA,20-Apr,Stolen,Bushnell
UWSS,Site40,40,NA,NA,20-May,2020,NA,20-May,Stolen,Bushnell
UWSS,Site40,40,NA,NA,20-Jun,2020,NA,20-Jun,Stolen,Bushnell
UWSS,Site40,40,NA,NA,20-Jul,2020,NA,20-Jul,Stolen,Bushnell
UWSS,Site40,40,NA,NA,20-Aug,2020,NA,20-Aug,Stolen,Bushnell
UWSS,Site40,40,NA,NA,20-Oct,2020,NA,20-Oct,Stolen,Bushnell
UWSS,Site40a,40a,2020-10-22,2020-11-18,20-Nov,2020,October; November,20-Nov,dead battery,Bushnell
UWSS,Site40a,40a,2020-12-05,2021-01-20,21-Jan,2021,December;January,21-Jan,,Bushnell
UWSS,Site40a,40a,2021-01-20,2021-03-29,21-Mar,2021,January;February;March,MarchApril2021,Photos all tinted pink,Bushnell
UWSS,Site40a,40a,2021-04-22,2021-05-04,21-May,2021,April;May,21-May,Weird folders,Bushnell
UWSS,Site40a,40a,2021-05-31,2021-06-09,21-Jul,2021,May;June,21-Jul,"Weird folders, malfunction",Bushnell
UWSS,Site40a,40a,NA,NA,NA,NA,NA,21-Sep,Error,Bushnell
UWSS,Site40a,40a,2021-09-04,2021-10-23,21-Oct,2021,September;October,21-Oct,,Bushnell
UWSS,Site40a,40a,2022-06-19,2022-07-17,22-Jul,2022,June;July,22-Jul,,Browning
UWSS,Site40a,40a,2022-08-14,2022-08-20,22-Aug,2022,August,22-Aug,,Browning
UWSS,Site40,40,2022-08-28,2022-10-02,22-Sep,2022,August;September;October,22-Sep,,Bushnell
